<?xml version = '1.0' encoding = 'UTF-8'?>
<relationalModel class="oracle.dbtools.crest.model.design.relational.RelationalDesign" name="Relational_1" id="197A2D26-55FC-8B6A-D47A-46DD0FAAB3D9" mainViewID="BAE57118-7941-0CE5-E6C6-2A03BE8B21CE">
<createdBy>hovhannes</createdBy>
<createdTime>2018-11-29 17:48:33 UTC</createdTime>
<ownerDesignName>datamodeler29.11</ownerDesignName>
<shouldBeOpen>false</shouldBeOpen>
<selectedRDBMSSite>32076570-2523-435C-2E92-BF29817DFF70</selectedRDBMSSite>
</relationalModel>