<?xml version = '1.0' encoding = 'UTF-8'?>
<FKIndexAssociation class="oracle.dbtools.crest.model.design.relational.FKIndexAssociation" directorySegmentName="seg_0" id="02984BE0-A302-7F77-CBC9-4B3F20F19534" containerWithKeyObject="682CC49D-095D-DB9A-2883-0406ABEE6502" localFKIndex="CF817E9D-7728-5BD3-ADD6-6E9FA0B4BA9F" name="scouts_teams_FK">
<createdBy>hovhannes</createdBy>
<createdTime>2018-11-29 17:48:47 UTC</createdTime>
<generatorID>4FEBAEDD-74C6-2EBC-ECB0-CCAE80BA4166</generatorID>
<ownerDesignName>datamodeler29.11</ownerDesignName>
<referredTableLongName>teams</referredTableLongName>
<deleteRule>NO ACTION</deleteRule>
<referredTableID>76D6F9D6-E876-1D83-CC08-3D7DE36B54E1</referredTableID>
<keyObject>E74A2CCA-2CD7-B563-AA75-9CB0E3254BF5</keyObject>
<referredKeyID>E74A2CCA-2CD7-B563-AA75-9CB0E3254BF5</referredKeyID>
<mandatory>false</mandatory>
<refColNames>team_id</refColNames>
<transferable>true</transferable>
<rely>false</rely>
<columnDependencyConstraintGenerateInDDL>true</columnDependencyConstraintGenerateInDDL>
</FKIndexAssociation>