<?xml version = '1.0' encoding = 'UTF-8'?>
<FKIndexAssociation class="oracle.dbtools.crest.model.design.relational.FKIndexAssociation" directorySegmentName="seg_0" id="06209740-45D4-1C16-49C1-4F7EB2674C3E" containerWithKeyObject="39690CD2-4180-6308-D522-69D543C45BCE" localFKIndex="FF04B0EB-7EEF-E9BE-6364-1A431407B7C0" name="matches_fixture_FK">
<createdBy>hovhannes</createdBy>
<createdTime>2018-11-29 17:48:47 UTC</createdTime>
<generatorID>09F58AA5-6E96-0D27-148E-C2930925ECE7</generatorID>
<ownerDesignName>datamodeler29.11</ownerDesignName>
<referredTableLongName>fixture</referredTableLongName>
<deleteRule>NO ACTION</deleteRule>
<referredTableID>2B52B6FC-6429-E63D-EC62-0520C529A292</referredTableID>
<keyObject>9B7B176B-C7B5-1DC5-CBC3-6CBFA6AC6F1E</keyObject>
<referredKeyID>9B7B176B-C7B5-1DC5-CBC3-6CBFA6AC6F1E</referredKeyID>
<mandatory>false</mandatory>
<refColNames>fixture_id</refColNames>
<transferable>true</transferable>
<rely>false</rely>
<columnDependencyConstraintGenerateInDDL>true</columnDependencyConstraintGenerateInDDL>
</FKIndexAssociation>