<?xml version = '1.0' encoding = 'UTF-8'?>
<FKIndexAssociation class="oracle.dbtools.crest.model.design.relational.FKIndexAssociation" directorySegmentName="seg_0" id="0E0B2560-A84B-E06D-BF93-4BA88EFC154A" containerWithKeyObject="98560769-1957-50BF-828D-9800130CD172" localFKIndex="6E6EF407-509A-9A8D-24B9-4923CEA8BFD3" name="teams_owners_teams_FK">
<createdBy>hovhannes</createdBy>
<createdTime>2018-11-29 17:48:47 UTC</createdTime>
<generatorID>0EE134BE-9213-8A08-2C37-3810D53A14E9</generatorID>
<ownerDesignName>datamodeler29.11</ownerDesignName>
<referredTableLongName>teams</referredTableLongName>
<deleteRule>NO ACTION</deleteRule>
<referredTableID>76D6F9D6-E876-1D83-CC08-3D7DE36B54E1</referredTableID>
<keyObject>E74A2CCA-2CD7-B563-AA75-9CB0E3254BF5</keyObject>
<referredKeyID>E74A2CCA-2CD7-B563-AA75-9CB0E3254BF5</referredKeyID>
<mandatory>true</mandatory>
<refColNames>team_id</refColNames>
<transferable>true</transferable>
<rely>false</rely>
<columnDependencyConstraintGenerateInDDL>true</columnDependencyConstraintGenerateInDDL>
</FKIndexAssociation>