<?xml version = '1.0' encoding = 'UTF-8'?>
<FKIndexAssociation class="oracle.dbtools.crest.model.design.relational.FKIndexAssociation" directorySegmentName="seg_0" id="14435402-AED6-B0E3-254E-DBF04D7AF7C3" containerWithKeyObject="9745DDAE-EF15-58C2-BD85-FAA0B641A5A8" localFKIndex="43064C93-1F73-B41D-AD99-BC52556996F6" name="legal_entity_owners_FK">
<createdBy>hovhannes</createdBy>
<createdTime>2018-11-29 17:48:47 UTC</createdTime>
<generatorID>56FD68AC-9406-B88A-4AE7-9AF27AE5C1B4</generatorID>
<ownerDesignName>datamodeler29.11</ownerDesignName>
<referredTableLongName>owners</referredTableLongName>
<arc>64490082-972A-CA59-7D28-B0B76B574FCA</arc>
<deleteRule>NO ACTION</deleteRule>
<referredTableID>C4C7AD55-6723-4E1B-FD52-0A37A6A1D88D</referredTableID>
<keyObject>B7E80674-E7E6-E9FD-764B-8DDCE7BA5A01</keyObject>
<referredKeyID>B7E80674-E7E6-E9FD-764B-8DDCE7BA5A01</referredKeyID>
<mandatory>true</mandatory>
<refColNames>owner_id</refColNames>
<transferable>true</transferable>
<rely>false</rely>
<columnDependencyConstraintGenerateInDDL>true</columnDependencyConstraintGenerateInDDL>
</FKIndexAssociation>