<?xml version = '1.0' encoding = 'UTF-8'?>
<FKIndexAssociation class="oracle.dbtools.crest.model.design.relational.FKIndexAssociation" directorySegmentName="seg_0" id="169193D8-A71D-ECB6-4642-8D451E173D11" containerWithKeyObject="2C1D40EF-1A5D-41EC-2C60-8E77CFE0E8EA" localFKIndex="E4208178-D8CF-E7C7-0CD0-79EA4AB33F53" name="plys_mtchs_gls_matches_FK">
<createdBy>hovhannes</createdBy>
<createdTime>2018-11-29 17:48:47 UTC</createdTime>
<generatorID>0A602EE0-C1A1-363D-A9D1-D67B7680505F</generatorID>
<ownerDesignName>datamodeler29.11</ownerDesignName>
<referredTableLongName>matches</referredTableLongName>
<deleteRule>NO ACTION</deleteRule>
<referredTableID>39690CD2-4180-6308-D522-69D543C45BCE</referredTableID>
<keyObject>4BA0EC92-0687-2B61-6C56-89AB4FB75A0E</keyObject>
<referredKeyID>4BA0EC92-0687-2B61-6C56-89AB4FB75A0E</referredKeyID>
<mandatory>true</mandatory>
<refColNames>match_id</refColNames>
<transferable>true</transferable>
<rely>false</rely>
<columnDependencyConstraintGenerateInDDL>true</columnDependencyConstraintGenerateInDDL>
</FKIndexAssociation>