<?xml version = '1.0' encoding = 'UTF-8'?>
<FKIndexAssociation class="oracle.dbtools.crest.model.design.relational.FKIndexAssociation" directorySegmentName="seg_0" id="21DEF9E2-9C9B-F956-DC47-F2D839449E37" containerWithKeyObject="0B9234D6-3BC4-4AC1-956D-5CEB696DB673" localFKIndex="46383A73-C536-425A-B299-DF9453CDD2BB" name="teams_sponsors_teams_FK">
<createdBy>hovhannes</createdBy>
<createdTime>2018-11-29 17:48:47 UTC</createdTime>
<generatorID>C9B9EF83-4D95-4092-4CE2-DD792CF150EC</generatorID>
<ownerDesignName>datamodeler29.11</ownerDesignName>
<referredTableLongName>teams</referredTableLongName>
<deleteRule>NO ACTION</deleteRule>
<referredTableID>76D6F9D6-E876-1D83-CC08-3D7DE36B54E1</referredTableID>
<keyObject>E74A2CCA-2CD7-B563-AA75-9CB0E3254BF5</keyObject>
<referredKeyID>E74A2CCA-2CD7-B563-AA75-9CB0E3254BF5</referredKeyID>
<mandatory>true</mandatory>
<refColNames>team_id</refColNames>
<transferable>true</transferable>
<rely>false</rely>
<columnDependencyConstraintGenerateInDDL>true</columnDependencyConstraintGenerateInDDL>
</FKIndexAssociation>