<?xml version = '1.0' encoding = 'UTF-8'?>
<FKIndexAssociation class="oracle.dbtools.crest.model.design.relational.FKIndexAssociation" directorySegmentName="seg_0" id="2288BC0A-DB91-ED56-B149-960770FA7FE3" containerWithKeyObject="76D6F9D6-E876-1D83-CC08-3D7DE36B54E1" localFKIndex="F51D5CE4-A5E5-7ACD-4532-723765F3391E" name="teams_academies_FK">
<createdBy>hovhannes</createdBy>
<createdTime>2018-11-29 17:48:47 UTC</createdTime>
<generatorID>2A20AB44-D429-8573-09FE-4B128DC4D8F5</generatorID>
<ownerDesignName>datamodeler29.11</ownerDesignName>
<referredTableLongName>academies</referredTableLongName>
<deleteRule>NO ACTION</deleteRule>
<referredTableID>208B4CFE-4B1C-9059-527F-3E53D3055B12</referredTableID>
<keyObject>EE6C74D7-F7C9-87AB-2D44-DC13CA59B6ED</keyObject>
<referredKeyID>EE6C74D7-F7C9-87AB-2D44-DC13CA59B6ED</referredKeyID>
<mandatory>false</mandatory>
<refColNames>academy_id</refColNames>
<transferable>true</transferable>
<rely>false</rely>
<columnDependencyConstraintGenerateInDDL>true</columnDependencyConstraintGenerateInDDL>
</FKIndexAssociation>