<?xml version = '1.0' encoding = 'UTF-8'?>
<FKIndexAssociation class="oracle.dbtools.crest.model.design.relational.FKIndexAssociation" directorySegmentName="seg_0" id="228BFE98-14F2-CB80-F49C-B072F28F493C" containerWithKeyObject="39690CD2-4180-6308-D522-69D543C45BCE" localFKIndex="F6F21B1A-3A23-6257-4912-B8E0BA6EC01A" name="matches_leagues_FK">
<createdBy>hovhannes</createdBy>
<createdTime>2018-11-29 17:48:47 UTC</createdTime>
<generatorID>715469D6-A5DA-73E4-971E-58E98F1AF303</generatorID>
<ownerDesignName>datamodeler29.11</ownerDesignName>
<referredTableLongName>leagues</referredTableLongName>
<deleteRule>NO ACTION</deleteRule>
<referredTableID>40B76354-1404-4F21-48CC-E92409450ED0</referredTableID>
<keyObject>93BE1B94-4D8E-D7CD-65A3-B0A403EA5C2E</keyObject>
<referredKeyID>93BE1B94-4D8E-D7CD-65A3-B0A403EA5C2E</referredKeyID>
<mandatory>false</mandatory>
<refColNames>leagues_id</refColNames>
<transferable>true</transferable>
<rely>false</rely>
<columnDependencyConstraintGenerateInDDL>true</columnDependencyConstraintGenerateInDDL>
</FKIndexAssociation>