<?xml version = '1.0' encoding = 'UTF-8'?>
<FKIndexAssociation class="oracle.dbtools.crest.model.design.relational.FKIndexAssociation" directorySegmentName="seg_0" id="234D247E-1DFA-2B38-EC4E-028A626043DC" containerWithKeyObject="2C1D40EF-1A5D-41EC-2C60-8E77CFE0E8EA" localFKIndex="DA750B7D-0482-13BC-7980-0B3506BB5D57" name="plys_mtchs_gls_players_FK">
<createdBy>hovhannes</createdBy>
<createdTime>2018-11-29 17:48:47 UTC</createdTime>
<generatorID>0271AC62-F6DD-42E2-5DA0-9FA60B23E762</generatorID>
<ownerDesignName>datamodeler29.11</ownerDesignName>
<referredTableLongName>players</referredTableLongName>
<deleteRule>NO ACTION</deleteRule>
<referredTableID>9D0D5DEE-A639-7616-6A69-7252E078D10C</referredTableID>
<keyObject>1211BA87-34FF-065C-A50F-284B1FF7DF62</keyObject>
<referredKeyID>1211BA87-34FF-065C-A50F-284B1FF7DF62</referredKeyID>
<mandatory>false</mandatory>
<refColNames>employee_id</refColNames>
<transferable>true</transferable>
<rely>false</rely>
<columnDependencyConstraintGenerateInDDL>true</columnDependencyConstraintGenerateInDDL>
</FKIndexAssociation>