<?xml version = '1.0' encoding = 'UTF-8'?>
<FKIndexAssociation class="oracle.dbtools.crest.model.design.relational.FKIndexAssociation" directorySegmentName="seg_0" id="2CD68CF0-5A03-8249-2594-A51927A3A0E8" containerWithKeyObject="775216EF-1A7F-D6F6-9666-0947D52C0C76" localFKIndex="A4F668FA-4E31-7A40-D382-12893BAF1694" name="teams_tactics_tactics_FK">
<createdBy>hovhannes</createdBy>
<createdTime>2018-11-29 17:48:47 UTC</createdTime>
<generatorID>AFD051DC-9747-3E2B-1ACC-C57A3F95376D</generatorID>
<ownerDesignName>datamodeler29.11</ownerDesignName>
<referredTableLongName>tactics</referredTableLongName>
<deleteRule>NO ACTION</deleteRule>
<referredTableID>2BB32DA4-1059-3B23-65E7-8D16C61660BC</referredTableID>
<keyObject>239B225C-B563-B944-9D9D-59D5453DDD14</keyObject>
<referredKeyID>239B225C-B563-B944-9D9D-59D5453DDD14</referredKeyID>
<mandatory>true</mandatory>
<refColNames>tactics_id</refColNames>
<transferable>true</transferable>
<rely>false</rely>
<columnDependencyConstraintGenerateInDDL>true</columnDependencyConstraintGenerateInDDL>
</FKIndexAssociation>