<?xml version = '1.0' encoding = 'UTF-8'?>
<FKIndexAssociation class="oracle.dbtools.crest.model.design.relational.FKIndexAssociation" directorySegmentName="seg_0" id="2D788AD1-F75A-1F56-A42F-C0A2ED946D7A" containerWithKeyObject="E7BE7C0C-E13E-9926-5FDE-6FD6DE48E29B" localFKIndex="8C981A57-6ADB-DDCB-F5A3-10865FF32A7D" name="transfers_teams_FK">
<createdBy>hovhannes</createdBy>
<createdTime>2018-11-29 17:48:47 UTC</createdTime>
<generatorID>72F96FF3-6E6A-0626-D105-3FBA4E25B7E2</generatorID>
<ownerDesignName>datamodeler29.11</ownerDesignName>
<referredTableLongName>teams</referredTableLongName>
<deleteRule>NO ACTION</deleteRule>
<referredTableID>76D6F9D6-E876-1D83-CC08-3D7DE36B54E1</referredTableID>
<keyObject>E74A2CCA-2CD7-B563-AA75-9CB0E3254BF5</keyObject>
<referredKeyID>E74A2CCA-2CD7-B563-AA75-9CB0E3254BF5</referredKeyID>
<mandatory>true</mandatory>
<refColNames>team_id</refColNames>
<transferable>true</transferable>
<rely>false</rely>
<columnDependencyConstraintGenerateInDDL>true</columnDependencyConstraintGenerateInDDL>
</FKIndexAssociation>