<?xml version = '1.0' encoding = 'UTF-8'?>
<FKIndexAssociation class="oracle.dbtools.crest.model.design.relational.FKIndexAssociation" directorySegmentName="seg_0" id="2F4DA6E4-36BB-4613-6ED1-21DE5D100195" containerWithKeyObject="503C15BB-A904-9618-83CD-F75C3E545DF7" localFKIndex="C66A2EB2-6913-45B9-1499-351AFDB2CE0F" name="presidents_employees_FK">
<createdBy>hovhannes</createdBy>
<createdTime>2018-11-29 17:48:47 UTC</createdTime>
<generatorID>8BB5D49C-9C88-879D-D908-1CF2B7ED1B32</generatorID>
<ownerDesignName>datamodeler29.11</ownerDesignName>
<referredTableLongName>employees</referredTableLongName>
<arc>E7583732-A5E9-BE96-5600-00F36E515E34</arc>
<deleteRule>NO ACTION</deleteRule>
<referredTableID>0BDFD50C-02FF-18BE-C742-D229A1C5A0CB</referredTableID>
<keyObject>F59C6AF9-3213-F506-5B7A-A7897E7514E4</keyObject>
<referredKeyID>F59C6AF9-3213-F506-5B7A-A7897E7514E4</referredKeyID>
<mandatory>true</mandatory>
<refColNames>employee_id</refColNames>
<transferable>true</transferable>
<rely>false</rely>
<columnDependencyConstraintGenerateInDDL>true</columnDependencyConstraintGenerateInDDL>
</FKIndexAssociation>