<?xml version = '1.0' encoding = 'UTF-8'?>
<FKIndexAssociation class="oracle.dbtools.crest.model.design.relational.FKIndexAssociation" directorySegmentName="seg_0" id="3AEA46B6-10F5-E3E3-B952-7C14EB05C3FE" containerWithKeyObject="39690CD2-4180-6308-D522-69D543C45BCE" localFKIndex="BF737A00-86AB-104C-2F99-4F3838899858" name="matches_referees_FK">
<createdBy>hovhannes</createdBy>
<createdTime>2018-11-29 17:48:47 UTC</createdTime>
<generatorID>19C7D576-8775-E02E-B29B-283D2D587585</generatorID>
<ownerDesignName>datamodeler29.11</ownerDesignName>
<referredTableLongName>referees</referredTableLongName>
<deleteRule>NO ACTION</deleteRule>
<referredTableID>D2C0AC14-E0AC-E387-8CA4-B2CB0ACD9549</referredTableID>
<keyObject>85E266DE-A82D-1C4D-54AE-538A0B39F719</keyObject>
<referredKeyID>85E266DE-A82D-1C4D-54AE-538A0B39F719</referredKeyID>
<mandatory>false</mandatory>
<refColNames>referees_id</refColNames>
<transferable>true</transferable>
<rely>false</rely>
<columnDependencyConstraintGenerateInDDL>true</columnDependencyConstraintGenerateInDDL>
</FKIndexAssociation>