<?xml version = '1.0' encoding = 'UTF-8'?>
<FKIndexAssociation class="oracle.dbtools.crest.model.design.relational.FKIndexAssociation" directorySegmentName="seg_0" id="429F1201-B966-96EC-2DF4-C8318A123170" containerWithKeyObject="7EFE3EBB-5B8B-C4CE-6F5E-B2D7C595A8FE" localFKIndex="25F52300-E097-8F79-F79F-EE4E25F68944" name="leagues_tvs_tvs_FK">
<createdBy>hovhannes</createdBy>
<createdTime>2018-11-29 17:48:47 UTC</createdTime>
<generatorID>4B1F20EB-C49D-C335-8954-831DCEE45C79</generatorID>
<ownerDesignName>datamodeler29.11</ownerDesignName>
<referredTableLongName>tvs</referredTableLongName>
<deleteRule>NO ACTION</deleteRule>
<referredTableID>CA2A8A49-3840-D351-7EC0-D2EE99AC2E2E</referredTableID>
<keyObject>65634894-2BCA-03AF-2CF9-E6BEBD02B39B</keyObject>
<referredKeyID>65634894-2BCA-03AF-2CF9-E6BEBD02B39B</referredKeyID>
<mandatory>true</mandatory>
<refColNames>tv_id</refColNames>
<transferable>true</transferable>
<rely>false</rely>
<columnDependencyConstraintGenerateInDDL>true</columnDependencyConstraintGenerateInDDL>
</FKIndexAssociation>