<?xml version = '1.0' encoding = 'UTF-8'?>
<FKIndexAssociation class="oracle.dbtools.crest.model.design.relational.FKIndexAssociation" directorySegmentName="seg_0" id="4DA125DD-FDEC-D0EB-2F50-F9FA092892EA" containerWithKeyObject="98560769-1957-50BF-828D-9800130CD172" localFKIndex="ADEEE90B-08F4-E033-06A3-D2DDA2FE9C21" name="teams_owners_owners_FK">
<createdBy>hovhannes</createdBy>
<createdTime>2018-11-29 17:48:47 UTC</createdTime>
<generatorID>0EE134BE-9213-8A08-2C37-3810D53A14E9</generatorID>
<ownerDesignName>datamodeler29.11</ownerDesignName>
<referredTableLongName>owners</referredTableLongName>
<deleteRule>NO ACTION</deleteRule>
<referredTableID>C4C7AD55-6723-4E1B-FD52-0A37A6A1D88D</referredTableID>
<keyObject>B7E80674-E7E6-E9FD-764B-8DDCE7BA5A01</keyObject>
<referredKeyID>B7E80674-E7E6-E9FD-764B-8DDCE7BA5A01</referredKeyID>
<mandatory>true</mandatory>
<refColNames>owner_id</refColNames>
<transferable>true</transferable>
<rely>false</rely>
<columnDependencyConstraintGenerateInDDL>true</columnDependencyConstraintGenerateInDDL>
</FKIndexAssociation>