<?xml version = '1.0' encoding = 'UTF-8'?>
<FKIndexAssociation class="oracle.dbtools.crest.model.design.relational.FKIndexAssociation" directorySegmentName="seg_0" id="56BBE228-558E-0CC5-9C68-F98A8A98A8E9" containerWithKeyObject="0B782D0D-9432-8332-45C5-CE6D735652DC" localFKIndex="622761AF-BDF8-F87D-A458-7BB881A77620" name="uniforms_man_firm_FK">
<createdBy>hovhannes</createdBy>
<createdTime>2018-11-29 17:48:47 UTC</createdTime>
<generatorID>099A95F7-8148-44A4-BDF9-CBC4DC8EC337</generatorID>
<ownerDesignName>datamodeler29.11</ownerDesignName>
<referredTableLongName>man_firm</referredTableLongName>
<deleteRule>NO ACTION</deleteRule>
<referredTableID>6C07075B-1F9D-8195-E77E-1614626AA445</referredTableID>
<keyObject>703E0079-4F1F-98C0-D439-C765328D4037</keyObject>
<referredKeyID>703E0079-4F1F-98C0-D439-C765328D4037</referredKeyID>
<mandatory>false</mandatory>
<refColNames>man_firm_ID1</refColNames>
<transferable>true</transferable>
<rely>false</rely>
<columnDependencyConstraintGenerateInDDL>true</columnDependencyConstraintGenerateInDDL>
</FKIndexAssociation>