<?xml version = '1.0' encoding = 'UTF-8'?>
<FKIndexAssociation class="oracle.dbtools.crest.model.design.relational.FKIndexAssociation" directorySegmentName="seg_0" id="588E486F-5A1C-BAE2-60F4-E5AD3F0043F0" containerWithKeyObject="76D6F9D6-E876-1D83-CC08-3D7DE36B54E1" localFKIndex="972AA504-2295-0BD1-1B67-66BA894A3969" name="teams_leagues_FK">
<createdBy>hovhannes</createdBy>
<createdTime>2018-11-29 17:48:47 UTC</createdTime>
<generatorID>2DD54C6C-0299-3458-0F2B-AFA57C85E9F3</generatorID>
<ownerDesignName>datamodeler29.11</ownerDesignName>
<referredTableLongName>leagues</referredTableLongName>
<deleteRule>NO ACTION</deleteRule>
<referredTableID>40B76354-1404-4F21-48CC-E92409450ED0</referredTableID>
<keyObject>93BE1B94-4D8E-D7CD-65A3-B0A403EA5C2E</keyObject>
<referredKeyID>93BE1B94-4D8E-D7CD-65A3-B0A403EA5C2E</referredKeyID>
<mandatory>false</mandatory>
<refColNames>leagues_id</refColNames>
<transferable>true</transferable>
<rely>false</rely>
<columnDependencyConstraintGenerateInDDL>true</columnDependencyConstraintGenerateInDDL>
</FKIndexAssociation>