<?xml version = '1.0' encoding = 'UTF-8'?>
<FKIndexAssociation class="oracle.dbtools.crest.model.design.relational.FKIndexAssociation" directorySegmentName="seg_0" id="5DE08A2C-49B2-5101-8268-50C45F55F4FC" containerWithKeyObject="39690CD2-4180-6308-D522-69D543C45BCE" localFKIndex="BF250C8E-F00C-FEF2-A91F-91E420631F52" name="matches_stadiums_FK">
<createdBy>hovhannes</createdBy>
<createdTime>2018-11-29 17:48:47 UTC</createdTime>
<generatorID>A99D51DF-EA2D-A66D-C327-22690DCF96E4</generatorID>
<ownerDesignName>datamodeler29.11</ownerDesignName>
<referredTableLongName>stadiums</referredTableLongName>
<deleteRule>NO ACTION</deleteRule>
<referredTableID>F3390536-27C4-2133-C60B-AD0D91AE2CC1</referredTableID>
<keyObject>E2DD5148-D047-E28F-86E2-80E997A58A98</keyObject>
<referredKeyID>E2DD5148-D047-E28F-86E2-80E997A58A98</referredKeyID>
<mandatory>true</mandatory>
<refColNames>stadium_id</refColNames>
<transferable>true</transferable>
<rely>false</rely>
<columnDependencyConstraintGenerateInDDL>true</columnDependencyConstraintGenerateInDDL>
</FKIndexAssociation>