<?xml version = '1.0' encoding = 'UTF-8'?>
<FKIndexAssociation class="oracle.dbtools.crest.model.design.relational.FKIndexAssociation" directorySegmentName="seg_0" id="5E543C42-DFE8-B7CD-779D-BC6252ACE7A0" containerWithKeyObject="2C1D40EF-1A5D-41EC-2C60-8E77CFE0E8EA" localFKIndex="94C569E3-3D08-9FDB-1A1A-E4C9D2D2836B" name="plys_mtchs_gls_goals_FK">
<createdBy>hovhannes</createdBy>
<createdTime>2018-11-29 17:48:47 UTC</createdTime>
<generatorID>19F27700-B2CD-E069-D48A-785F154B669B</generatorID>
<ownerDesignName>datamodeler29.11</ownerDesignName>
<referredTableLongName>goals</referredTableLongName>
<deleteRule>NO ACTION</deleteRule>
<referredTableID>3D57BF96-5731-D01E-5F20-A1953F89253A</referredTableID>
<keyObject>0BCEC8A7-9838-8F5F-B931-A81506BCBA96</keyObject>
<referredKeyID>0BCEC8A7-9838-8F5F-B931-A81506BCBA96</referredKeyID>
<mandatory>true</mandatory>
<refColNames>goal_id</refColNames>
<transferable>true</transferable>
<rely>false</rely>
<columnDependencyConstraintGenerateInDDL>true</columnDependencyConstraintGenerateInDDL>
</FKIndexAssociation>