<?xml version = '1.0' encoding = 'UTF-8'?>
<FKIndexAssociation class="oracle.dbtools.crest.model.design.relational.FKIndexAssociation" directorySegmentName="seg_0" id="5EEF3D40-2E06-D584-8500-91C10BB61404" containerWithKeyObject="DB44C562-CCAE-C6C9-6311-AE44D6809792" localFKIndex="53E02FD1-3480-397D-D676-20425616376D" name="positions_players_positions_FK">
<createdBy>hovhannes</createdBy>
<createdTime>2018-11-29 17:48:47 UTC</createdTime>
<generatorID>AFEF3386-C5E4-FF25-AC5A-27AF14AF51C6</generatorID>
<ownerDesignName>datamodeler29.11</ownerDesignName>
<referredTableLongName>positions</referredTableLongName>
<deleteRule>NO ACTION</deleteRule>
<referredTableID>39AEF6D3-193C-85FC-720D-0EFE684BEAC6</referredTableID>
<keyObject>975F019D-4DA0-B547-4828-30B0F8828A8E</keyObject>
<referredKeyID>975F019D-4DA0-B547-4828-30B0F8828A8E</referredKeyID>
<mandatory>true</mandatory>
<refColNames>position_id</refColNames>
<transferable>true</transferable>
<rely>false</rely>
<columnDependencyConstraintGenerateInDDL>true</columnDependencyConstraintGenerateInDDL>
</FKIndexAssociation>