<?xml version = '1.0' encoding = 'UTF-8'?>
<FKIndexAssociation class="oracle.dbtools.crest.model.design.relational.FKIndexAssociation" directorySegmentName="seg_0" id="5F4B793B-C788-321B-E2E0-846671A20F4C" containerWithKeyObject="C3604FB3-5069-158B-1921-A2051BDD4AB4" localFKIndex="129758A6-81DA-D0AB-747C-C0D041041DA3" name="players_injuries_injuries_FK">
<createdBy>hovhannes</createdBy>
<createdTime>2018-11-29 17:48:47 UTC</createdTime>
<generatorID>F9F7FB54-FA81-C4DD-D6D5-AA40DDB93470</generatorID>
<ownerDesignName>datamodeler29.11</ownerDesignName>
<referredTableLongName>injuries</referredTableLongName>
<deleteRule>NO ACTION</deleteRule>
<referredTableID>6C4E5C51-6400-7AF9-7A9E-2CBD684E06A4</referredTableID>
<keyObject>2F51C5D7-7C5E-726A-EC3F-7D3CB71308D9</keyObject>
<referredKeyID>2F51C5D7-7C5E-726A-EC3F-7D3CB71308D9</referredKeyID>
<mandatory>true</mandatory>
<refColNames>injury_id</refColNames>
<transferable>true</transferable>
<rely>false</rely>
<columnDependencyConstraintGenerateInDDL>true</columnDependencyConstraintGenerateInDDL>
</FKIndexAssociation>