<?xml version = '1.0' encoding = 'UTF-8'?>
<FKIndexAssociation class="oracle.dbtools.crest.model.design.relational.FKIndexAssociation" directorySegmentName="seg_0" id="69DB9666-5FAB-C0D2-65C6-35CC147F0437" containerWithKeyObject="7D2060C5-4D35-ACAF-6138-46C6F00541B3" localFKIndex="EBFDDBA6-509A-8B5F-4CCC-0B5FBA4F77F2" name="individual_owners_FK">
<createdBy>hovhannes</createdBy>
<createdTime>2018-11-29 17:48:47 UTC</createdTime>
<generatorID>29060B41-9C9D-514F-5F60-9582CE8F59F3</generatorID>
<ownerDesignName>datamodeler29.11</ownerDesignName>
<referredTableLongName>owners</referredTableLongName>
<arc>64490082-972A-CA59-7D28-B0B76B574FCA</arc>
<deleteRule>NO ACTION</deleteRule>
<referredTableID>C4C7AD55-6723-4E1B-FD52-0A37A6A1D88D</referredTableID>
<keyObject>B7E80674-E7E6-E9FD-764B-8DDCE7BA5A01</keyObject>
<referredKeyID>B7E80674-E7E6-E9FD-764B-8DDCE7BA5A01</referredKeyID>
<mandatory>true</mandatory>
<refColNames>owner_id</refColNames>
<transferable>true</transferable>
<rely>false</rely>
<columnDependencyConstraintGenerateInDDL>true</columnDependencyConstraintGenerateInDDL>
</FKIndexAssociation>