<?xml version = '1.0' encoding = 'UTF-8'?>
<FKIndexAssociation class="oracle.dbtools.crest.model.design.relational.FKIndexAssociation" directorySegmentName="seg_0" id="6CB0000F-D402-6006-0069-899418534716" containerWithKeyObject="6EE447F1-8375-F0A1-AF10-DA526A041FD8" localFKIndex="C67F94AB-EA64-A45F-B059-F7E3B9CC2B8E" name="players_matches_players_FK">
<createdBy>hovhannes</createdBy>
<createdTime>2018-11-29 17:48:47 UTC</createdTime>
<generatorID>DAC1B7D8-FFC2-AB82-0762-43886329F3DA</generatorID>
<ownerDesignName>datamodeler29.11</ownerDesignName>
<referredTableLongName>players</referredTableLongName>
<deleteRule>NO ACTION</deleteRule>
<referredTableID>9D0D5DEE-A639-7616-6A69-7252E078D10C</referredTableID>
<keyObject>1211BA87-34FF-065C-A50F-284B1FF7DF62</keyObject>
<referredKeyID>1211BA87-34FF-065C-A50F-284B1FF7DF62</referredKeyID>
<mandatory>true</mandatory>
<refColNames>employee_id</refColNames>
<transferable>true</transferable>
<rely>false</rely>
<columnDependencyConstraintGenerateInDDL>true</columnDependencyConstraintGenerateInDDL>
</FKIndexAssociation>