<?xml version = '1.0' encoding = 'UTF-8'?>
<FKIndexAssociation class="oracle.dbtools.crest.model.design.relational.FKIndexAssociation" directorySegmentName="seg_0" id="6F4B6A2A-8D72-C711-4F6D-CBAD424D82B2" containerWithKeyObject="299D6571-D6A4-8549-4D04-8272A570F909" localFKIndex="9DA48B4B-362F-2C52-D7D5-30FB8B2DCF27" name="tickets_matches_FK">
<createdBy>hovhannes</createdBy>
<createdTime>2018-11-29 17:48:47 UTC</createdTime>
<generatorID>B4AF6CD0-0C6E-DBA8-E87E-2CBF8FA61E3E</generatorID>
<ownerDesignName>datamodeler29.11</ownerDesignName>
<referredTableLongName>matches</referredTableLongName>
<deleteRule>NO ACTION</deleteRule>
<referredTableID>39690CD2-4180-6308-D522-69D543C45BCE</referredTableID>
<keyObject>4BA0EC92-0687-2B61-6C56-89AB4FB75A0E</keyObject>
<referredKeyID>4BA0EC92-0687-2B61-6C56-89AB4FB75A0E</referredKeyID>
<mandatory>true</mandatory>
<refColNames>match_id</refColNames>
<transferable>true</transferable>
<rely>false</rely>
<columnDependencyConstraintGenerateInDDL>true</columnDependencyConstraintGenerateInDDL>
</FKIndexAssociation>