<?xml version = '1.0' encoding = 'UTF-8'?>
<FKIndexAssociation class="oracle.dbtools.crest.model.design.relational.FKIndexAssociation" directorySegmentName="seg_0" id="7074747E-63BF-C5B3-753D-E34F594FB6E4" containerWithKeyObject="7EFE3EBB-5B8B-C4CE-6F5E-B2D7C595A8FE" localFKIndex="C3CA562E-0777-BB63-E3DC-DD46B377161B" name="leagues_tvs_leagues_FK">
<createdBy>hovhannes</createdBy>
<createdTime>2018-11-29 17:48:47 UTC</createdTime>
<generatorID>4B1F20EB-C49D-C335-8954-831DCEE45C79</generatorID>
<ownerDesignName>datamodeler29.11</ownerDesignName>
<referredTableLongName>leagues</referredTableLongName>
<deleteRule>NO ACTION</deleteRule>
<referredTableID>40B76354-1404-4F21-48CC-E92409450ED0</referredTableID>
<keyObject>93BE1B94-4D8E-D7CD-65A3-B0A403EA5C2E</keyObject>
<referredKeyID>93BE1B94-4D8E-D7CD-65A3-B0A403EA5C2E</referredKeyID>
<mandatory>true</mandatory>
<refColNames>leagues_id</refColNames>
<transferable>true</transferable>
<rely>false</rely>
<columnDependencyConstraintGenerateInDDL>true</columnDependencyConstraintGenerateInDDL>
</FKIndexAssociation>