<?xml version = '1.0' encoding = 'UTF-8'?>
<FKIndexAssociation class="oracle.dbtools.crest.model.design.relational.FKIndexAssociation" directorySegmentName="seg_0" id="7688DEAD-8149-339E-2CEA-968A67A0997D" containerWithKeyObject="76D6F9D6-E876-1D83-CC08-3D7DE36B54E1" localFKIndex="22658094-8135-1162-2C2E-FFFE659F7D17" name="teams_presidents_FK">
<createdBy>hovhannes</createdBy>
<createdTime>2018-11-29 17:48:47 UTC</createdTime>
<generatorID>04A6BDB6-4DF2-C676-89EC-1A9E807E8EE5</generatorID>
<ownerDesignName>datamodeler29.11</ownerDesignName>
<referredTableLongName>presidents</referredTableLongName>
<deleteRule>NO ACTION</deleteRule>
<referredTableID>503C15BB-A904-9618-83CD-F75C3E545DF7</referredTableID>
<keyObject>70FA0DA4-E7E5-05C1-6891-BF4F0721CB3D</keyObject>
<referredKeyID>70FA0DA4-E7E5-05C1-6891-BF4F0721CB3D</referredKeyID>
<mandatory>false</mandatory>
<refColNames>employee_id</refColNames>
<transferable>true</transferable>
<rely>false</rely>
<columnDependencyConstraintGenerateInDDL>true</columnDependencyConstraintGenerateInDDL>
</FKIndexAssociation>