<?xml version = '1.0' encoding = 'UTF-8'?>
<FKIndexAssociation class="oracle.dbtools.crest.model.design.relational.FKIndexAssociation" directorySegmentName="seg_0" id="78A5440A-AA32-0CD5-99F2-CB25402D2CBF" containerWithKeyObject="4DAD3864-E29F-2659-9481-774FCB9A45D2" localFKIndex="9C73B6F3-817B-0C95-1B56-59D6EE7FC3AA" name="coaches_employees_FK">
<createdBy>hovhannes</createdBy>
<createdTime>2018-11-29 17:48:47 UTC</createdTime>
<generatorID>A3070B3C-D79B-D0FB-B195-053470535473</generatorID>
<ownerDesignName>datamodeler29.11</ownerDesignName>
<referredTableLongName>employees</referredTableLongName>
<arc>E7583732-A5E9-BE96-5600-00F36E515E34</arc>
<deleteRule>NO ACTION</deleteRule>
<referredTableID>0BDFD50C-02FF-18BE-C742-D229A1C5A0CB</referredTableID>
<keyObject>F59C6AF9-3213-F506-5B7A-A7897E7514E4</keyObject>
<referredKeyID>F59C6AF9-3213-F506-5B7A-A7897E7514E4</referredKeyID>
<mandatory>true</mandatory>
<refColNames>employee_id</refColNames>
<transferable>true</transferable>
<rely>false</rely>
<columnDependencyConstraintGenerateInDDL>true</columnDependencyConstraintGenerateInDDL>
</FKIndexAssociation>