<?xml version = '1.0' encoding = 'UTF-8'?>
<FKIndexAssociation class="oracle.dbtools.crest.model.design.relational.FKIndexAssociation" directorySegmentName="seg_0" id="81BCF7F1-0F15-3DF2-6F6A-B0A1F96DC6DC" containerWithKeyObject="31F0BF21-0E89-41BD-FD63-BE0297F3041A" localFKIndex="0E1A4D8B-A09E-3DED-8A85-007A1BF0582F" name="commentators_tvs_FK">
<createdBy>hovhannes</createdBy>
<createdTime>2018-11-29 17:48:47 UTC</createdTime>
<generatorID>AE746783-5CE7-D998-D7FC-D95ADE459B33</generatorID>
<ownerDesignName>datamodeler29.11</ownerDesignName>
<referredTableLongName>tvs</referredTableLongName>
<deleteRule>NO ACTION</deleteRule>
<referredTableID>CA2A8A49-3840-D351-7EC0-D2EE99AC2E2E</referredTableID>
<keyObject>65634894-2BCA-03AF-2CF9-E6BEBD02B39B</keyObject>
<referredKeyID>65634894-2BCA-03AF-2CF9-E6BEBD02B39B</referredKeyID>
<mandatory>false</mandatory>
<refColNames>tv_id</refColNames>
<transferable>true</transferable>
<rely>false</rely>
<columnDependencyConstraintGenerateInDDL>true</columnDependencyConstraintGenerateInDDL>
</FKIndexAssociation>