<?xml version = '1.0' encoding = 'UTF-8'?>
<FKIndexAssociation class="oracle.dbtools.crest.model.design.relational.FKIndexAssociation" directorySegmentName="seg_0" id="89D9F4FA-CC3E-75B8-0254-A89AD13F4D13" containerWithKeyObject="39690CD2-4180-6308-D522-69D543C45BCE" localFKIndex="91EA7B84-F682-46F1-F14E-A5D300296EFA" name="matches_commentators_FK">
<createdBy>hovhannes</createdBy>
<createdTime>2018-11-29 17:48:47 UTC</createdTime>
<generatorID>D4C5169B-A8D6-12C1-21AB-A155924CE12C</generatorID>
<ownerDesignName>datamodeler29.11</ownerDesignName>
<referredTableLongName>commentators</referredTableLongName>
<deleteRule>NO ACTION</deleteRule>
<referredTableID>31F0BF21-0E89-41BD-FD63-BE0297F3041A</referredTableID>
<keyObject>2EEA148C-0279-BD5E-269C-B61BF72AC516</keyObject>
<referredKeyID>2EEA148C-0279-BD5E-269C-B61BF72AC516</referredKeyID>
<mandatory>false</mandatory>
<refColNames>commentator_id</refColNames>
<transferable>true</transferable>
<rely>false</rely>
<columnDependencyConstraintGenerateInDDL>true</columnDependencyConstraintGenerateInDDL>
</FKIndexAssociation>