<?xml version = '1.0' encoding = 'UTF-8'?>
<FKIndexAssociation class="oracle.dbtools.crest.model.design.relational.FKIndexAssociation" directorySegmentName="seg_0" id="A208A34E-B497-32B1-1E7F-0E37ED855663" containerWithKeyObject="8DCF1904-21F1-E749-8889-F590B2914CA0" localFKIndex="976D91DD-3F16-75D2-1743-5199412B227B" name="players_sponsors_sponsors_FK">
<createdBy>hovhannes</createdBy>
<createdTime>2018-11-29 17:48:47 UTC</createdTime>
<generatorID>B5FE46CD-435F-F465-A13B-FC899ADE2443</generatorID>
<ownerDesignName>datamodeler29.11</ownerDesignName>
<referredTableLongName>sponsors</referredTableLongName>
<deleteRule>NO ACTION</deleteRule>
<referredTableID>65AE76CE-1011-602A-46FA-EF07194D9AF9</referredTableID>
<keyObject>AEE97364-034C-FE44-77B3-2892101D0BDB</keyObject>
<referredKeyID>AEE97364-034C-FE44-77B3-2892101D0BDB</referredKeyID>
<mandatory>true</mandatory>
<refColNames>sponsor_id</refColNames>
<transferable>true</transferable>
<rely>false</rely>
<columnDependencyConstraintGenerateInDDL>true</columnDependencyConstraintGenerateInDDL>
</FKIndexAssociation>