<?xml version = '1.0' encoding = 'UTF-8'?>
<FKIndexAssociation class="oracle.dbtools.crest.model.design.relational.FKIndexAssociation" directorySegmentName="seg_0" id="A22C449C-B305-A1DB-E095-FD1EBC1BB908" containerWithKeyObject="2C1D40EF-1A5D-41EC-2C60-8E77CFE0E8EA" localFKIndex="94FC92BB-443E-05A2-B72E-803E224DD222" name="plys_mtchs_gls_players_FKv2">
<createdBy>hovhannes</createdBy>
<createdTime>2018-11-29 17:48:47 UTC</createdTime>
<generatorID>14BDF126-29EF-3CB2-47BC-D14F9FC32486</generatorID>
<ownerDesignName>datamodeler29.11</ownerDesignName>
<referredTableLongName>players</referredTableLongName>
<deleteRule>NO ACTION</deleteRule>
<referredTableID>9D0D5DEE-A639-7616-6A69-7252E078D10C</referredTableID>
<keyObject>1211BA87-34FF-065C-A50F-284B1FF7DF62</keyObject>
<referredKeyID>1211BA87-34FF-065C-A50F-284B1FF7DF62</referredKeyID>
<mandatory>true</mandatory>
<refColNames>employee_id</refColNames>
<transferable>true</transferable>
<rely>false</rely>
<columnDependencyConstraintGenerateInDDL>true</columnDependencyConstraintGenerateInDDL>
</FKIndexAssociation>