<?xml version = '1.0' encoding = 'UTF-8'?>
<FKIndexAssociation class="oracle.dbtools.crest.model.design.relational.FKIndexAssociation" directorySegmentName="seg_0" id="AA8F5310-46FA-C3F0-BEE7-DC65C7BD93FB" containerWithKeyObject="E7BE7C0C-E13E-9926-5FDE-6FD6DE48E29B" localFKIndex="84518479-F280-C0BD-86B8-18A32F024B53" name="transfers_teams_FKv2">
<createdBy>hovhannes</createdBy>
<createdTime>2018-11-29 17:48:47 UTC</createdTime>
<generatorID>181C9E4A-59F7-DA71-169E-4565328D9A3E</generatorID>
<ownerDesignName>datamodeler29.11</ownerDesignName>
<referredTableLongName>teams</referredTableLongName>
<deleteRule>NO ACTION</deleteRule>
<referredTableID>76D6F9D6-E876-1D83-CC08-3D7DE36B54E1</referredTableID>
<keyObject>E74A2CCA-2CD7-B563-AA75-9CB0E3254BF5</keyObject>
<referredKeyID>E74A2CCA-2CD7-B563-AA75-9CB0E3254BF5</referredKeyID>
<mandatory>true</mandatory>
<refColNames>team_id</refColNames>
<transferable>true</transferable>
<rely>false</rely>
<columnDependencyConstraintGenerateInDDL>true</columnDependencyConstraintGenerateInDDL>
</FKIndexAssociation>