<?xml version = '1.0' encoding = 'UTF-8'?>
<FKIndexAssociation class="oracle.dbtools.crest.model.design.relational.FKIndexAssociation" directorySegmentName="seg_0" id="AF83312E-5B94-1763-3895-4CDC99CDF11E" containerWithKeyObject="0B9234D6-3BC4-4AC1-956D-5CEB696DB673" localFKIndex="C829E518-6975-B904-8FA5-03FF7A81F8F2" name="teams_sponsors_sponsors_FK">
<createdBy>hovhannes</createdBy>
<createdTime>2018-11-29 17:48:47 UTC</createdTime>
<generatorID>C9B9EF83-4D95-4092-4CE2-DD792CF150EC</generatorID>
<ownerDesignName>datamodeler29.11</ownerDesignName>
<referredTableLongName>sponsors</referredTableLongName>
<deleteRule>NO ACTION</deleteRule>
<referredTableID>65AE76CE-1011-602A-46FA-EF07194D9AF9</referredTableID>
<keyObject>AEE97364-034C-FE44-77B3-2892101D0BDB</keyObject>
<referredKeyID>AEE97364-034C-FE44-77B3-2892101D0BDB</referredKeyID>
<mandatory>true</mandatory>
<refColNames>sponsor_id</refColNames>
<transferable>true</transferable>
<rely>false</rely>
<columnDependencyConstraintGenerateInDDL>true</columnDependencyConstraintGenerateInDDL>
</FKIndexAssociation>