<?xml version = '1.0' encoding = 'UTF-8'?>
<FKIndexAssociation class="oracle.dbtools.crest.model.design.relational.FKIndexAssociation" directorySegmentName="seg_0" id="B3D3CB01-919B-553B-00D5-4826C3C3DEC7" containerWithKeyObject="682CC49D-095D-DB9A-2883-0406ABEE6502" localFKIndex="FFF67452-70F7-B800-311A-282BBF499F60" name="scouts_employees_FK">
<createdBy>hovhannes</createdBy>
<createdTime>2018-11-29 17:48:47 UTC</createdTime>
<generatorID>2142FBDE-F060-534F-E191-2D21674E2393</generatorID>
<ownerDesignName>datamodeler29.11</ownerDesignName>
<referredTableLongName>employees</referredTableLongName>
<arc>E7583732-A5E9-BE96-5600-00F36E515E34</arc>
<deleteRule>NO ACTION</deleteRule>
<referredTableID>0BDFD50C-02FF-18BE-C742-D229A1C5A0CB</referredTableID>
<keyObject>F59C6AF9-3213-F506-5B7A-A7897E7514E4</keyObject>
<referredKeyID>F59C6AF9-3213-F506-5B7A-A7897E7514E4</referredKeyID>
<mandatory>true</mandatory>
<refColNames>employee_id</refColNames>
<transferable>true</transferable>
<rely>false</rely>
<columnDependencyConstraintGenerateInDDL>true</columnDependencyConstraintGenerateInDDL>
</FKIndexAssociation>