<?xml version = '1.0' encoding = 'UTF-8'?>
<FKIndexAssociation class="oracle.dbtools.crest.model.design.relational.FKIndexAssociation" directorySegmentName="seg_0" id="BF0B671D-3241-0635-3562-826B72CC74BB" containerWithKeyObject="D44BA921-970A-CF1E-A740-DDADCB899B1A" localFKIndex="27C4ADE0-82D8-D67A-FF38-272DF1C1DAD8" name="social_media_players_FK">
<createdBy>hovhannes</createdBy>
<createdTime>2018-11-29 17:48:47 UTC</createdTime>
<generatorID>69898112-87C7-E9D6-32D3-00EA35C12624</generatorID>
<ownerDesignName>datamodeler29.11</ownerDesignName>
<referredTableLongName>players</referredTableLongName>
<deleteRule>NO ACTION</deleteRule>
<referredTableID>9D0D5DEE-A639-7616-6A69-7252E078D10C</referredTableID>
<keyObject>1211BA87-34FF-065C-A50F-284B1FF7DF62</keyObject>
<referredKeyID>1211BA87-34FF-065C-A50F-284B1FF7DF62</referredKeyID>
<mandatory>false</mandatory>
<refColNames>employee_id</refColNames>
<transferable>true</transferable>
<rely>false</rely>
<columnDependencyConstraintGenerateInDDL>true</columnDependencyConstraintGenerateInDDL>
</FKIndexAssociation>