<?xml version = '1.0' encoding = 'UTF-8'?>
<FKIndexAssociation class="oracle.dbtools.crest.model.design.relational.FKIndexAssociation" directorySegmentName="seg_0" id="C94BC73E-C0C6-7748-2B67-3AE1FAC67C8C" containerWithKeyObject="9D0D5DEE-A639-7616-6A69-7252E078D10C" localFKIndex="FEF32019-2823-AA4A-663E-219EC0A661FD" name="players_employees_FK">
<createdBy>hovhannes</createdBy>
<createdTime>2018-11-29 17:48:47 UTC</createdTime>
<generatorID>B7916164-7214-825E-DCD8-E2BFA54BD523</generatorID>
<ownerDesignName>datamodeler29.11</ownerDesignName>
<referredTableLongName>employees</referredTableLongName>
<arc>E7583732-A5E9-BE96-5600-00F36E515E34</arc>
<deleteRule>NO ACTION</deleteRule>
<referredTableID>0BDFD50C-02FF-18BE-C742-D229A1C5A0CB</referredTableID>
<keyObject>F59C6AF9-3213-F506-5B7A-A7897E7514E4</keyObject>
<referredKeyID>F59C6AF9-3213-F506-5B7A-A7897E7514E4</referredKeyID>
<mandatory>true</mandatory>
<refColNames>employee_id</refColNames>
<transferable>true</transferable>
<rely>false</rely>
<columnDependencyConstraintGenerateInDDL>true</columnDependencyConstraintGenerateInDDL>
</FKIndexAssociation>