<?xml version = '1.0' encoding = 'UTF-8'?>
<FKIndexAssociation class="oracle.dbtools.crest.model.design.relational.FKIndexAssociation" directorySegmentName="seg_0" id="D0CB14EB-E066-968C-F621-992A9B77E13C" containerWithKeyObject="405FDCF3-D300-26BB-4E43-1C2FDEE51A05" localFKIndex="1DCB8F6F-7F00-D330-D081-07AA5D4EEADD" name="teams_matches_matches_FK">
<createdBy>hovhannes</createdBy>
<createdTime>2018-11-29 17:48:47 UTC</createdTime>
<generatorID>CAB76CFC-6418-E7F7-89F5-46507BA7A04D</generatorID>
<ownerDesignName>datamodeler29.11</ownerDesignName>
<referredTableLongName>matches</referredTableLongName>
<deleteRule>NO ACTION</deleteRule>
<referredTableID>39690CD2-4180-6308-D522-69D543C45BCE</referredTableID>
<keyObject>4BA0EC92-0687-2B61-6C56-89AB4FB75A0E</keyObject>
<referredKeyID>4BA0EC92-0687-2B61-6C56-89AB4FB75A0E</referredKeyID>
<mandatory>true</mandatory>
<refColNames>match_id</refColNames>
<transferable>true</transferable>
<rely>false</rely>
<columnDependencyConstraintGenerateInDDL>true</columnDependencyConstraintGenerateInDDL>
</FKIndexAssociation>