<?xml version = '1.0' encoding = 'UTF-8'?>
<FKIndexAssociation class="oracle.dbtools.crest.model.design.relational.FKIndexAssociation" directorySegmentName="seg_0" id="D8A169ED-F227-A41F-38FB-53E8B8BED3CC" containerWithKeyObject="9D0D5DEE-A639-7616-6A69-7252E078D10C" localFKIndex="C6555149-3162-8A16-8B2C-71671BCE843D" name="players_agents_FK">
<createdBy>hovhannes</createdBy>
<createdTime>2018-11-29 17:48:47 UTC</createdTime>
<generatorID>D3B88115-72FD-04AF-98B7-5364A1BB7E60</generatorID>
<ownerDesignName>datamodeler29.11</ownerDesignName>
<referredTableLongName>agents</referredTableLongName>
<deleteRule>NO ACTION</deleteRule>
<referredTableID>E36D3F04-7392-68AA-6A76-C0E2B907104F</referredTableID>
<keyObject>95947EC4-CD89-FF86-BAB8-29B859A10781</keyObject>
<referredKeyID>95947EC4-CD89-FF86-BAB8-29B859A10781</referredKeyID>
<mandatory>false</mandatory>
<refColNames>agent_id</refColNames>
<transferable>true</transferable>
<rely>false</rely>
<columnDependencyConstraintGenerateInDDL>true</columnDependencyConstraintGenerateInDDL>
</FKIndexAssociation>