<?xml version = '1.0' encoding = 'UTF-8'?>
<FKIndexAssociation class="oracle.dbtools.crest.model.design.relational.FKIndexAssociation" directorySegmentName="seg_0" id="EC85124E-A572-7C8A-0B3B-39C38A21CB93" containerWithKeyObject="E7BE7C0C-E13E-9926-5FDE-6FD6DE48E29B" localFKIndex="7CA77EAF-836B-EA49-EDDB-91E3448AF3E9" name="transfers_players_FK">
<createdBy>hovhannes</createdBy>
<createdTime>2018-11-29 17:48:47 UTC</createdTime>
<generatorID>7C3AA9A7-96C4-3DD7-FCD8-F734122C58CF</generatorID>
<ownerDesignName>datamodeler29.11</ownerDesignName>
<referredTableLongName>players</referredTableLongName>
<deleteRule>NO ACTION</deleteRule>
<referredTableID>9D0D5DEE-A639-7616-6A69-7252E078D10C</referredTableID>
<keyObject>1211BA87-34FF-065C-A50F-284B1FF7DF62</keyObject>
<referredKeyID>1211BA87-34FF-065C-A50F-284B1FF7DF62</referredKeyID>
<mandatory>true</mandatory>
<refColNames>employee_id</refColNames>
<transferable>true</transferable>
<rely>false</rely>
<columnDependencyConstraintGenerateInDDL>true</columnDependencyConstraintGenerateInDDL>
</FKIndexAssociation>