<?xml version = '1.0' encoding = 'UTF-8'?>
<FKIndexAssociation class="oracle.dbtools.crest.model.design.relational.FKIndexAssociation" directorySegmentName="seg_0" id="F2B7893B-B705-857B-9B17-61DF8E030A4D" containerWithKeyObject="6EE447F1-8375-F0A1-AF10-DA526A041FD8" localFKIndex="AC580A32-3DD7-81DF-0795-F1EC67C20959" name="players_matches_matches_FK">
<createdBy>hovhannes</createdBy>
<createdTime>2018-11-29 17:48:47 UTC</createdTime>
<generatorID>DAC1B7D8-FFC2-AB82-0762-43886329F3DA</generatorID>
<ownerDesignName>datamodeler29.11</ownerDesignName>
<referredTableLongName>matches</referredTableLongName>
<deleteRule>NO ACTION</deleteRule>
<referredTableID>39690CD2-4180-6308-D522-69D543C45BCE</referredTableID>
<keyObject>4BA0EC92-0687-2B61-6C56-89AB4FB75A0E</keyObject>
<referredKeyID>4BA0EC92-0687-2B61-6C56-89AB4FB75A0E</referredKeyID>
<mandatory>true</mandatory>
<refColNames>match_id</refColNames>
<transferable>true</transferable>
<rely>false</rely>
<columnDependencyConstraintGenerateInDDL>true</columnDependencyConstraintGenerateInDDL>
</FKIndexAssociation>