<?xml version = '1.0' encoding = 'UTF-8'?>
<Diagram class="oracle.dbtools.crest.swingui.relational.DPVRelational" name="Relational_1" id="BAE57118-7941-0CE5-E6C6-2A03BE8B21CE">
<createdBy>hovhannes</createdBy>
<modifiedBy>hovhannes</modifiedBy>
<createdTime>2018-11-29 17:48:33 UTC</createdTime>
<autoRoute>false</autoRoute>
<boxInbox>false</boxInbox>
<showLegend>false</showLegend>
<showLabels>false</showLabels>
<showRelAttributes>false</showRelAttributes>
<gridEnabled>false</gridEnabled>
<showGrid>false</showGrid>
<diagramColor>-1</diagramColor>
<display>false</display>
<notation>1</notation>
<objectViews>
<OView class="oracle.dbtools.crest.swingui.relational.TVTable" oid="0B782D0D-9432-8332-45C5-CE6D735652DC" otype="Table" vid="6A4F7FFE-D6BE-9C91-7258-471FFFB67C84">
<hideElementsInCurrentOnly>false</hideElementsInCurrentOnly>
<bounds x="859" y="1138" width="254" height="147"/>
</OView>
<OView class="oracle.dbtools.crest.swingui.relational.TVTable" oid="0B9234D6-3BC4-4AC1-956D-5CEB696DB673" otype="Table" vid="3476FFC2-BA5B-A319-F643-48A479115D3B">
<hideElementsInCurrentOnly>false</hideElementsInCurrentOnly>
<bounds x="910" y="226" width="170" height="110"/>
</OView>
<OView class="oracle.dbtools.crest.swingui.relational.TVTable" oid="0BDFD50C-02FF-18BE-C742-D229A1C5A0CB" otype="Table" vid="2D3ED775-D1CD-B61A-EFB2-DC0E5F54C196">
<hideElementsInCurrentOnly>false</hideElementsInCurrentOnly>
<bounds x="188" y="55" width="129" height="140"/>
</OView>
<OView class="oracle.dbtools.crest.swingui.relational.TVTable" oid="208B4CFE-4B1C-9059-527F-3E53D3055B12" otype="Table" vid="98EB19BA-6C7D-171F-35D2-A6850B8504EE">
<hideElementsInCurrentOnly>false</hideElementsInCurrentOnly>
<bounds x="216" y="666" width="109" height="101"/>
</OView>
<OView class="oracle.dbtools.crest.swingui.relational.TVTable" oid="299D6571-D6A4-8549-4D04-8272A570F909" otype="Table" vid="499D02E5-3DE9-AF15-638D-D7634DDC211B">
<hideElementsInCurrentOnly>false</hideElementsInCurrentOnly>
<bounds x="1557" y="956" width="152" height="123"/>
</OView>
<OView class="oracle.dbtools.crest.swingui.relational.TVTable" oid="2B52B6FC-6429-E63D-EC62-0520C529A292" otype="Table" vid="45BA0156-6778-2BF9-2CF7-9A2B50B6CD43">
<hideElementsInCurrentOnly>false</hideElementsInCurrentOnly>
<bounds x="1024" y="680" width="131" height="106"/>
</OView>
<OView class="oracle.dbtools.crest.swingui.relational.TVTable" oid="2BB32DA4-1059-3B23-65E7-8D16C61660BC" otype="Table" vid="9E2A2CBB-2945-D9A4-762A-332A6CA1BE2F">
<hideElementsInCurrentOnly>false</hideElementsInCurrentOnly>
<bounds x="178" y="1520" width="160" height="143"/>
</OView>
<OView class="oracle.dbtools.crest.swingui.relational.TVTable" oid="2C1D40EF-1A5D-41EC-2C60-8E77CFE0E8EA" otype="Table" vid="B1B2DFF0-7102-3E57-5898-6FB9B3B37EF8">
<hideElementsInCurrentOnly>false</hideElementsInCurrentOnly>
<bounds x="1799" y="441" width="236" height="247"/>
</OView>
<OView class="oracle.dbtools.crest.swingui.relational.TVTable" oid="31F0BF21-0E89-41BD-FD63-BE0297F3041A" otype="Table" vid="C770AD78-1CC1-A00B-1C29-8331CC6B9B8E">
<hideElementsInCurrentOnly>false</hideElementsInCurrentOnly>
<bounds x="1259" y="966" width="136" height="194"/>
</OView>
<OView class="oracle.dbtools.crest.swingui.relational.TVTable" oid="39690CD2-4180-6308-D522-69D543C45BCE" otype="Table" vid="28236B92-D193-DF54-E189-E1A70B44013A">
<hideElementsInCurrentOnly>false</hideElementsInCurrentOnly>
<bounds x="1349" y="593" width="133" height="141"/>
</OView>
<OView class="oracle.dbtools.crest.swingui.relational.TVTable" oid="39AEF6D3-193C-85FC-720D-0EFE684BEAC6" otype="Table" vid="EEDACCB3-7317-3D8C-4DAA-FC865E61D006">
<hideElementsInCurrentOnly>false</hideElementsInCurrentOnly>
<bounds x="463" y="0" width="87" height="98"/>
</OView>
<OView class="oracle.dbtools.crest.swingui.relational.TVTable" oid="3D57BF96-5731-D01E-5F20-A1953F89253A" otype="Table" vid="BCD93CEE-F9B8-7800-A3A7-31F8A8C468B5">
<hideElementsInCurrentOnly>false</hideElementsInCurrentOnly>
<bounds x="1521" y="2" width="97" height="98"/>
</OView>
<OView class="oracle.dbtools.crest.swingui.relational.TVTable" oid="405FDCF3-D300-26BB-4E43-1C2FDEE51A05" otype="Table" vid="1A2607DF-B5F4-9AFF-B1C8-AEDEAD997CAB">
<hideElementsInCurrentOnly>false</hideElementsInCurrentOnly>
<bounds x="850" y="106" width="170" height="110"/>
</OView>
<OView class="oracle.dbtools.crest.swingui.relational.TVTable" oid="40B76354-1404-4F21-48CC-E92409450ED0" otype="Table" vid="5DD191A2-F59A-29C5-EA3C-CCC90983DA07">
<hideElementsInCurrentOnly>false</hideElementsInCurrentOnly>
<bounds x="928" y="886" width="180" height="188"/>
</OView>
<OView class="oracle.dbtools.crest.swingui.relational.TVTable" oid="4DAD3864-E29F-2659-9481-774FCB9A45D2" otype="Table" vid="6E158DEF-16CF-B322-C565-DD2E5346C9C8">
<hideElementsInCurrentOnly>false</hideElementsInCurrentOnly>
<bounds x="48" y="550" width="109" height="120"/>
</OView>
<OView class="oracle.dbtools.crest.swingui.relational.TVTable" oid="503C15BB-A904-9618-83CD-F75C3E545DF7" otype="Table" vid="CA51F0EA-D041-CC69-5F6A-EC3BEB0DD0F1">
<hideElementsInCurrentOnly>false</hideElementsInCurrentOnly>
<bounds x="336" y="323" width="103" height="128"/>
</OView>
<OView class="oracle.dbtools.crest.swingui.relational.TVTable" oid="65AE76CE-1011-602A-46FA-EF07194D9AF9" otype="Table" vid="05E68BEF-EEB5-6F8D-8707-20E88108B760">
<hideElementsInCurrentOnly>false</hideElementsInCurrentOnly>
<bounds x="624" y="430" width="159" height="65"/>
</OView>
<OView class="oracle.dbtools.crest.swingui.relational.TVTable" oid="682CC49D-095D-DB9A-2883-0406ABEE6502" otype="Table" vid="D0FA743F-1BAF-CCF1-D26E-C699D1125E0F">
<hideElementsInCurrentOnly>false</hideElementsInCurrentOnly>
<bounds x="191" y="426" width="109" height="120"/>
</OView>
<OView class="oracle.dbtools.crest.swingui.relational.TVTable" oid="6C07075B-1F9D-8195-E77E-1614626AA445" otype="Table" vid="7B901191-F60E-76A8-5C61-AC8F778E5E52">
<hideElementsInCurrentOnly>false</hideElementsInCurrentOnly>
<bounds x="1053" y="1433" width="170" height="110"/>
</OView>
<OView class="oracle.dbtools.crest.swingui.relational.TVTable" oid="6C4E5C51-6400-7AF9-7A9E-2CBD684E06A4" otype="Table" vid="96116E78-3019-2A5B-9D1E-8D1E9829ADA6">
<hideElementsInCurrentOnly>false</hideElementsInCurrentOnly>
<bounds x="1228" y="226" width="151" height="173"/>
</OView>
<OView class="oracle.dbtools.crest.swingui.relational.TVTable" oid="6EE447F1-8375-F0A1-AF10-DA526A041FD8" otype="Table" vid="9262D300-C8F2-27AC-19EC-8EEF09D2467D">
<hideElementsInCurrentOnly>false</hideElementsInCurrentOnly>
<bounds x="500" y="178" width="170" height="110"/>
</OView>
<OView class="oracle.dbtools.crest.swingui.relational.TVTable" oid="76D6F9D6-E876-1D83-CC08-3D7DE36B54E1" otype="Table" vid="B51314B7-37C2-5B31-2FD8-55E79C7C48DF">
<hideElementsInCurrentOnly>false</hideElementsInCurrentOnly>
<bounds x="482" y="574" width="242" height="146"/>
</OView>
<OView class="oracle.dbtools.crest.swingui.relational.TVTable" oid="775216EF-1A7F-D6F6-9666-0947D52C0C76" otype="Table" vid="0C230504-4C66-73D5-B175-AFA6B7FA4831">
<hideElementsInCurrentOnly>false</hideElementsInCurrentOnly>
<bounds x="940" y="286" width="170" height="110"/>
</OView>
<OView class="oracle.dbtools.crest.swingui.relational.TVTable" oid="7D2060C5-4D35-ACAF-6138-46C6F00541B3" otype="Table" vid="4EFD57CD-64B1-2F9F-7615-17EA0EF3CB61">
<hideElementsInCurrentOnly>false</hideElementsInCurrentOnly>
<bounds x="651" y="1293" width="145" height="131"/>
</OView>
<OView class="oracle.dbtools.crest.swingui.relational.TVTable" oid="7EFE3EBB-5B8B-C4CE-6F5E-B2D7C595A8FE" otype="Table" vid="9B58AD17-BB13-0CD4-ACC6-E4A34901848C">
<hideElementsInCurrentOnly>false</hideElementsInCurrentOnly>
<bounds x="440" y="58" width="170" height="110"/>
</OView>
<OView class="oracle.dbtools.crest.swingui.relational.TVTable" oid="8DCF1904-21F1-E749-8889-F590B2914CA0" otype="Table" vid="20EAEF29-388C-D89A-5D8E-C65260498976">
<hideElementsInCurrentOnly>false</hideElementsInCurrentOnly>
<bounds x="530" y="238" width="170" height="110"/>
</OView>
<OView class="oracle.dbtools.crest.swingui.relational.TVTable" oid="9745DDAE-EF15-58C2-BD85-FAA0B641A5A8" otype="Table" vid="4EE5A3DC-CDC3-5FFE-FD7D-BC67814ECCB1">
<hideElementsInCurrentOnly>false</hideElementsInCurrentOnly>
<bounds x="467" y="1303" width="158" height="134"/>
</OView>
<OView class="oracle.dbtools.crest.swingui.relational.TVTable" oid="98560769-1957-50BF-828D-9800130CD172" otype="Table" vid="11DD4CD6-2288-CDD1-B3FC-53EE1C19314C">
<hideElementsInCurrentOnly>false</hideElementsInCurrentOnly>
<bounds x="880" y="166" width="170" height="110"/>
</OView>
<OView class="oracle.dbtools.crest.swingui.relational.TVTable" oid="9D0D5DEE-A639-7616-6A69-7252E078D10C" otype="Table" vid="F3B3D0B6-D8C2-758D-86EE-1E4DAF697BF2">
<hideElementsInCurrentOnly>false</hideElementsInCurrentOnly>
<bounds x="455" y="131" width="139" height="155"/>
</OView>
<OView class="oracle.dbtools.crest.swingui.relational.TVTable" oid="B38A6C4C-0EFE-AA7E-C5B7-72260C88781D" otype="Table" vid="9631B6C6-790A-99EE-7145-C5D29B2C8004">
<hideElementsInCurrentOnly>false</hideElementsInCurrentOnly>
<bounds x="463" y="838" width="136" height="94"/>
</OView>
<OView class="oracle.dbtools.crest.swingui.relational.TVTable" oid="C3604FB3-5069-158B-1921-A2051BDD4AB4" otype="Table" vid="A9DFDB65-896D-E45E-C874-9D0B652CDD31">
<hideElementsInCurrentOnly>false</hideElementsInCurrentOnly>
<bounds x="470" y="118" width="170" height="110"/>
</OView>
<OView class="oracle.dbtools.crest.swingui.relational.TVTable" oid="C4C7AD55-6723-4E1B-FD52-0A37A6A1D88D" otype="Table" vid="A51D69DC-DF81-849F-5A55-0B2E5A057685">
<hideElementsInCurrentOnly>false</hideElementsInCurrentOnly>
<bounds x="566" y="1014" width="107" height="81"/>
</OView>
<OView class="oracle.dbtools.crest.swingui.relational.TVTable" oid="CA2A8A49-3840-D351-7EC0-D2EE99AC2E2E" otype="Table" vid="5A8BF07E-1DEF-DA47-F071-A9B9E2AE72F4">
<hideElementsInCurrentOnly>false</hideElementsInCurrentOnly>
<bounds x="1385" y="1325" width="162" height="210"/>
</OView>
<OView class="oracle.dbtools.crest.swingui.relational.TVTable" oid="D2C0AC14-E0AC-E387-8CA4-B2CB0ACD9549" otype="Table" vid="BCAE66AA-24B9-22C6-5DEC-97638D028FD3">
<hideElementsInCurrentOnly>false</hideElementsInCurrentOnly>
<bounds x="1446" y="492" width="77" height="115"/>
</OView>
<OView class="oracle.dbtools.crest.swingui.relational.TVTable" oid="D44BA921-970A-CF1E-A740-DDADCB899B1A" otype="Table" vid="4CE61058-2FB8-4E31-A922-2032434034E0">
<hideElementsInCurrentOnly>false</hideElementsInCurrentOnly>
<bounds x="1048" y="92" width="170" height="110"/>
</OView>
<OView class="oracle.dbtools.crest.swingui.relational.TVTable" oid="DB44C562-CCAE-C6C9-6311-AE44D6809792" otype="Table" vid="D7CF61F1-0132-5371-4D18-786F68B10B84">
<hideElementsInCurrentOnly>false</hideElementsInCurrentOnly>
<bounds x="560" y="298" width="170" height="110"/>
</OView>
<OView class="oracle.dbtools.crest.swingui.relational.TVTable" oid="E36D3F04-7392-68AA-6A76-C0E2B907104F" otype="Table" vid="D1CDDB5A-1DD5-6380-C1EE-700BAFD2C490">
<hideElementsInCurrentOnly>false</hideElementsInCurrentOnly>
<bounds x="710" y="26" width="129" height="122"/>
</OView>
<OView class="oracle.dbtools.crest.swingui.relational.TVTable" oid="E7BE7C0C-E13E-9926-5FDE-6FD6DE48E29B" otype="Table" vid="7525F5EC-032F-6859-D5DD-89173FC248DB">
<hideElementsInCurrentOnly>false</hideElementsInCurrentOnly>
<bounds x="1269" y="455" width="168" height="106"/>
</OView>
<OView class="oracle.dbtools.crest.swingui.relational.TVTable" oid="F3390536-27C4-2133-C60B-AD0D91AE2CC1" otype="Table" vid="12E5F702-4448-779F-FA42-577A455615BA">
<hideElementsInCurrentOnly>false</hideElementsInCurrentOnly>
<bounds x="1649" y="785" width="128" height="114"/>
</OView>
</objectViews>
<connectors>
<Connector class="oracle.dbtools.crest.swingui.relational.TVFKRelation" oid="02984BE0-A302-7F77-CBC9-4B3F20F19534" otype="FKIndexAssociation" vid_source="B51314B7-37C2-5B31-2FD8-55E79C7C48DF" vid_target="D0FA743F-1BAF-CCF1-D26E-C699D1125E0F">
<hideElementsInCurrentOnly>false</hideElementsInCurrentOnly>
<backgroundColor>-16777216</backgroundColor>
<lineWidth>1</lineWidth>
<points>
<point x="482" y="592"/>
<point x="300" y="510"/>
</points>
</Connector>
<Connector class="oracle.dbtools.crest.swingui.relational.TVFKRelation" oid="06209740-45D4-1C16-49C1-4F7EB2674C3E" otype="FKIndexAssociation" vid_source="45BA0156-6778-2BF9-2CF7-9A2B50B6CD43" vid_target="28236B92-D193-DF54-E189-E1A70B44013A">
<hideElementsInCurrentOnly>false</hideElementsInCurrentOnly>
<backgroundColor>-16777216</backgroundColor>
<lineWidth>1</lineWidth>
<points>
<point x="1155" y="692"/>
<point x="1349" y="692"/>
</points>
</Connector>
<Connector class="oracle.dbtools.crest.swingui.relational.TVFKRelation" oid="06FAF9F3-FA8D-B9E6-6661-2B9B3B3857A9" otype="FKIndexAssociation" vid_source="F3B3D0B6-D8C2-758D-86EE-1E4DAF697BF2" vid_target="20EAEF29-388C-D89A-5D8E-C65260498976">
<hideElementsInCurrentOnly>false</hideElementsInCurrentOnly>
<backgroundColor>-16777216</backgroundColor>
<lineWidth>1</lineWidth>
<points>
<point x="594" y="262"/>
<point x="530" y="262"/>
</points>
</Connector>
<Connector class="oracle.dbtools.crest.swingui.relational.TVFKRelation" oid="0E0B2560-A84B-E06D-BF93-4BA88EFC154A" otype="FKIndexAssociation" vid_source="B51314B7-37C2-5B31-2FD8-55E79C7C48DF" vid_target="11DD4CD6-2288-CDD1-B3FC-53EE1C19314C">
<hideElementsInCurrentOnly>false</hideElementsInCurrentOnly>
<backgroundColor>-16777216</backgroundColor>
<lineWidth>1</lineWidth>
<points>
<point x="665" y="574"/>
<point x="918" y="276"/>
</points>
</Connector>
<Connector class="oracle.dbtools.crest.swingui.relational.TVFKRelation" oid="14435402-AED6-B0E3-254E-DBF04D7AF7C3" otype="FKIndexAssociation" vid_source="A51D69DC-DF81-849F-5A55-0B2E5A057685" vid_target="4EE5A3DC-CDC3-5FFE-FD7D-BC67814ECCB1">
<hideElementsInCurrentOnly>false</hideElementsInCurrentOnly>
<backgroundColor>-16777216</backgroundColor>
<lineWidth>1</lineWidth>
<points>
<point x="595" y="1095"/>
<point x="595" y="1303"/>
</points>
</Connector>
<Connector class="oracle.dbtools.crest.swingui.relational.TVFKRelation" oid="169193D8-A71D-ECB6-4642-8D451E173D11" otype="FKIndexAssociation" vid_source="28236B92-D193-DF54-E189-E1A70B44013A" vid_target="B1B2DFF0-7102-3E57-5898-6FB9B3B37EF8">
<hideElementsInCurrentOnly>false</hideElementsInCurrentOnly>
<backgroundColor>-16777216</backgroundColor>
<lineWidth>1</lineWidth>
<points>
<point x="1482" y="640"/>
<point x="1799" y="640"/>
</points>
</Connector>
<Connector class="oracle.dbtools.crest.swingui.relational.TVFKRelation" oid="21DEF9E2-9C9B-F956-DC47-F2D839449E37" otype="FKIndexAssociation" vid_source="B51314B7-37C2-5B31-2FD8-55E79C7C48DF" vid_target="3476FFC2-BA5B-A319-F643-48A479115D3B">
<hideElementsInCurrentOnly>false</hideElementsInCurrentOnly>
<backgroundColor>-16777216</backgroundColor>
<lineWidth>1</lineWidth>
<points>
<point x="681" y="574"/>
<point x="936" y="336"/>
</points>
</Connector>
<Connector class="oracle.dbtools.crest.swingui.relational.TVFKRelation" oid="2288BC0A-DB91-ED56-B149-960770FA7FE3" otype="FKIndexAssociation" vid_source="98EB19BA-6C7D-171F-35D2-A6850B8504EE" vid_target="B51314B7-37C2-5B31-2FD8-55E79C7C48DF">
<hideElementsInCurrentOnly>false</hideElementsInCurrentOnly>
<backgroundColor>-16777216</backgroundColor>
<lineWidth>1</lineWidth>
<points>
<point x="325" y="693"/>
<point x="482" y="693"/>
</points>
</Connector>
<Connector class="oracle.dbtools.crest.swingui.relational.TVFKRelation" oid="228BFE98-14F2-CB80-F49C-B072F28F493C" otype="FKIndexAssociation" vid_source="5DD191A2-F59A-29C5-EA3C-CCC90983DA07" vid_target="28236B92-D193-DF54-E189-E1A70B44013A">
<hideElementsInCurrentOnly>false</hideElementsInCurrentOnly>
<backgroundColor>-16777216</backgroundColor>
<lineWidth>1</lineWidth>
<points>
<point x="1108" y="908"/>
<point x="1349" y="716"/>
</points>
</Connector>
<Connector class="oracle.dbtools.crest.swingui.relational.TVFKRelation" oid="234D247E-1DFA-2B38-EC4E-028A626043DC" otype="FKIndexAssociation" vid_source="F3B3D0B6-D8C2-758D-86EE-1E4DAF697BF2" vid_target="B1B2DFF0-7102-3E57-5898-6FB9B3B37EF8">
<hideElementsInCurrentOnly>false</hideElementsInCurrentOnly>
<backgroundColor>-16777216</backgroundColor>
<lineWidth>1</lineWidth>
<points>
<point x="594" y="226"/>
<point x="1799" y="534"/>
</points>
</Connector>
<Connector class="oracle.dbtools.crest.swingui.relational.TVFKRelation" oid="2CD68CF0-5A03-8249-2594-A51927A3A0E8" otype="FKIndexAssociation" vid_source="9E2A2CBB-2945-D9A4-762A-332A6CA1BE2F" vid_target="0C230504-4C66-73D5-B175-AFA6B7FA4831">
<hideElementsInCurrentOnly>false</hideElementsInCurrentOnly>
<backgroundColor>-16777216</backgroundColor>
<lineWidth>1</lineWidth>
<points>
<point x="301" y="1520"/>
<point x="991" y="396"/>
</points>
</Connector>
<Connector class="oracle.dbtools.crest.swingui.relational.TVFKRelation" oid="2D788AD1-F75A-1F56-A42F-C0A2ED946D7A" otype="FKIndexAssociation" vid_source="B51314B7-37C2-5B31-2FD8-55E79C7C48DF" vid_target="7525F5EC-032F-6859-D5DD-89173FC248DB">
<hideElementsInCurrentOnly>false</hideElementsInCurrentOnly>
<backgroundColor>-16777216</backgroundColor>
<lineWidth>1</lineWidth>
<points>
<point x="724" y="624"/>
<point x="1269" y="523"/>
</points>
</Connector>
<Connector class="oracle.dbtools.crest.swingui.relational.TVFKRelation" oid="2F4DA6E4-36BB-4613-6ED1-21DE5D100195" otype="FKIndexAssociation" vid_source="2D3ED775-D1CD-B61A-EFB2-DC0E5F54C196" vid_target="CA51F0EA-D041-CC69-5F6A-EC3BEB0DD0F1">
<hideElementsInCurrentOnly>false</hideElementsInCurrentOnly>
<backgroundColor>-16777216</backgroundColor>
<lineWidth>1</lineWidth>
<points>
<point x="288" y="195"/>
<point x="354" y="323"/>
</points>
</Connector>
<Connector class="oracle.dbtools.crest.swingui.relational.TVFKRelation" oid="37807176-AC45-626F-2DF4-6C946812522D" otype="FKIndexAssociation" vid_source="B51314B7-37C2-5B31-2FD8-55E79C7C48DF" vid_target="45BA0156-6778-2BF9-2CF7-9A2B50B6CD43">
<hideElementsInCurrentOnly>false</hideElementsInCurrentOnly>
<backgroundColor>-16777216</backgroundColor>
<lineWidth>1</lineWidth>
<points>
<point x="724" y="700"/>
<point x="1024" y="700"/>
</points>
</Connector>
<Connector class="oracle.dbtools.crest.swingui.relational.TVFKRelation" oid="3AEA46B6-10F5-E3E3-B952-7C14EB05C3FE" otype="FKIndexAssociation" vid_source="BCAE66AA-24B9-22C6-5DEC-97638D028FD3" vid_target="28236B92-D193-DF54-E189-E1A70B44013A">
<hideElementsInCurrentOnly>false</hideElementsInCurrentOnly>
<backgroundColor>-16777216</backgroundColor>
<lineWidth>1</lineWidth>
<points>
<point x="1482" y="607"/>
<point x="1446" y="593"/>
</points>
</Connector>
<Connector class="oracle.dbtools.crest.swingui.relational.TVFKRelation" oid="429F1201-B966-96EC-2DF4-C8318A123170" otype="FKIndexAssociation" vid_source="5A8BF07E-1DEF-DA47-F071-A9B9E2AE72F4" vid_target="9B58AD17-BB13-0CD4-ACC6-E4A34901848C">
<hideElementsInCurrentOnly>false</hideElementsInCurrentOnly>
<backgroundColor>-16777216</backgroundColor>
<lineWidth>1</lineWidth>
<points>
<point x="1390" y="1325"/>
<point x="534" y="168"/>
</points>
</Connector>
<Connector class="oracle.dbtools.crest.swingui.relational.TVFKRelation" oid="4DA125DD-FDEC-D0EB-2F50-F9FA092892EA" otype="FKIndexAssociation" vid_source="A51D69DC-DF81-849F-5A55-0B2E5A057685" vid_target="11DD4CD6-2288-CDD1-B3FC-53EE1C19314C">
<hideElementsInCurrentOnly>false</hideElementsInCurrentOnly>
<backgroundColor>-16777216</backgroundColor>
<lineWidth>1</lineWidth>
<points>
<point x="636" y="1014"/>
<point x="942" y="276"/>
</points>
</Connector>
<Connector class="oracle.dbtools.crest.swingui.relational.TVFKRelation" oid="56BBE228-558E-0CC5-9C68-F98A8A98A8E9" otype="FKIndexAssociation" vid_source="7B901191-F60E-76A8-5C61-AC8F778E5E52" vid_target="6A4F7FFE-D6BE-9C91-7258-471FFFB67C84">
<hideElementsInCurrentOnly>false</hideElementsInCurrentOnly>
<backgroundColor>-16777216</backgroundColor>
<lineWidth>1</lineWidth>
<points>
<point x="1083" y="1433"/>
<point x="1083" y="1285"/>
</points>
</Connector>
<Connector class="oracle.dbtools.crest.swingui.relational.TVFKRelation" oid="588E486F-5A1C-BAE2-60F4-E5AD3F0043F0" otype="FKIndexAssociation" vid_source="5DD191A2-F59A-29C5-EA3C-CCC90983DA07" vid_target="B51314B7-37C2-5B31-2FD8-55E79C7C48DF">
<hideElementsInCurrentOnly>false</hideElementsInCurrentOnly>
<backgroundColor>-16777216</backgroundColor>
<lineWidth>1</lineWidth>
<points>
<point x="928" y="907"/>
<point x="693" y="720"/>
</points>
</Connector>
<Connector class="oracle.dbtools.crest.swingui.relational.TVFKRelation" oid="5DE08A2C-49B2-5101-8268-50C45F55F4FC" otype="FKIndexAssociation" vid_source="12E5F702-4448-779F-FA42-577A455615BA" vid_target="28236B92-D193-DF54-E189-E1A70B44013A">
<hideElementsInCurrentOnly>false</hideElementsInCurrentOnly>
<backgroundColor>-16777216</backgroundColor>
<lineWidth>1</lineWidth>
<points>
<point x="1649" y="803"/>
<point x="1482" y="703"/>
</points>
</Connector>
<Connector class="oracle.dbtools.crest.swingui.relational.TVFKRelation" oid="5E543C42-DFE8-B7CD-779D-BC6252ACE7A0" otype="FKIndexAssociation" vid_source="BCD93CEE-F9B8-7800-A3A7-31F8A8C468B5" vid_target="B1B2DFF0-7102-3E57-5898-6FB9B3B37EF8">
<hideElementsInCurrentOnly>false</hideElementsInCurrentOnly>
<backgroundColor>-16777216</backgroundColor>
<lineWidth>1</lineWidth>
<points>
<point x="1602" y="100"/>
<point x="1833" y="441"/>
</points>
</Connector>
<Connector class="oracle.dbtools.crest.swingui.relational.TVFKRelation" oid="5EEF3D40-2E06-D584-8500-91C10BB61404" otype="FKIndexAssociation" vid_source="EEDACCB3-7317-3D8C-4DAA-FC865E61D006" vid_target="D7CF61F1-0132-5371-4D18-786F68B10B84">
<hideElementsInCurrentOnly>false</hideElementsInCurrentOnly>
<backgroundColor>-16777216</backgroundColor>
<lineWidth>1</lineWidth>
<points>
<point x="528" y="98"/>
<point x="619" y="298"/>
</points>
</Connector>
<Connector class="oracle.dbtools.crest.swingui.relational.TVFKRelation" oid="5F4B793B-C788-321B-E2E0-846671A20F4C" otype="FKIndexAssociation" vid_source="96116E78-3019-2A5B-9D1E-8D1E9829ADA6" vid_target="A9DFDB65-896D-E45E-C874-9D0B652CDD31">
<hideElementsInCurrentOnly>false</hideElementsInCurrentOnly>
<backgroundColor>-16777216</backgroundColor>
<lineWidth>1</lineWidth>
<points>
<point x="1228" y="227"/>
<point x="640" y="227"/>
</points>
</Connector>
<Connector class="oracle.dbtools.crest.swingui.relational.TVFKRelation" oid="5F717BA0-5FFD-21A5-D975-D2C02B180BC8" otype="FKIndexAssociation" vid_source="B51314B7-37C2-5B31-2FD8-55E79C7C48DF" vid_target="1A2607DF-B5F4-9AFF-B1C8-AEDEAD997CAB">
<hideElementsInCurrentOnly>false</hideElementsInCurrentOnly>
<backgroundColor>-16777216</backgroundColor>
<lineWidth>1</lineWidth>
<points>
<point x="652" y="574"/>
<point x="897" y="216"/>
</points>
</Connector>
<Connector class="oracle.dbtools.crest.swingui.relational.TVFKRelation" oid="601BBB2E-AF33-092F-9CC1-116AEFC42C27" otype="FKIndexAssociation" vid_source="B51314B7-37C2-5B31-2FD8-55E79C7C48DF" vid_target="9631B6C6-790A-99EE-7145-C5D29B2C8004">
<hideElementsInCurrentOnly>false</hideElementsInCurrentOnly>
<backgroundColor>-16777216</backgroundColor>
<lineWidth>1</lineWidth>
<points>
<point x="555" y="720"/>
<point x="555" y="838"/>
</points>
</Connector>
<Connector class="oracle.dbtools.crest.swingui.relational.TVFKRelation" oid="69DB9666-5FAB-C0D2-65C6-35CC147F0437" otype="FKIndexAssociation" vid_source="A51D69DC-DF81-849F-5A55-0B2E5A057685" vid_target="4EFD57CD-64B1-2F9F-7615-17EA0EF3CB61">
<hideElementsInCurrentOnly>false</hideElementsInCurrentOnly>
<backgroundColor>-16777216</backgroundColor>
<lineWidth>1</lineWidth>
<points>
<point x="662" y="1095"/>
<point x="662" y="1293"/>
</points>
</Connector>
<Connector class="oracle.dbtools.crest.swingui.relational.TVFKRelation" oid="6ACFF299-D919-A80A-D6FA-7E0EE10C5E79" otype="FKIndexAssociation" vid_source="F3B3D0B6-D8C2-758D-86EE-1E4DAF697BF2" vid_target="A9DFDB65-896D-E45E-C874-9D0B652CDD31">
<hideElementsInCurrentOnly>false</hideElementsInCurrentOnly>
<backgroundColor>-16777216</backgroundColor>
<lineWidth>1</lineWidth>
<points>
<point x="594" y="179"/>
<point x="470" y="179"/>
</points>
</Connector>
<Connector class="oracle.dbtools.crest.swingui.relational.TVFKRelation" oid="6CB0000F-D402-6006-0069-899418534716" otype="FKIndexAssociation" vid_source="F3B3D0B6-D8C2-758D-86EE-1E4DAF697BF2" vid_target="9262D300-C8F2-27AC-19EC-8EEF09D2467D">
<hideElementsInCurrentOnly>false</hideElementsInCurrentOnly>
<backgroundColor>-16777216</backgroundColor>
<lineWidth>1</lineWidth>
<points>
<point x="594" y="247"/>
<point x="500" y="247"/>
</points>
</Connector>
<Connector class="oracle.dbtools.crest.swingui.relational.TVFKRelation" oid="6F4B6A2A-8D72-C711-4F6D-CBAD424D82B2" otype="FKIndexAssociation" vid_source="28236B92-D193-DF54-E189-E1A70B44013A" vid_target="499D02E5-3DE9-AF15-638D-D7634DDC211B">
<hideElementsInCurrentOnly>false</hideElementsInCurrentOnly>
<backgroundColor>-16777216</backgroundColor>
<lineWidth>1</lineWidth>
<points>
<point x="1458" y="734"/>
<point x="1595" y="956"/>
</points>
</Connector>
<Connector class="oracle.dbtools.crest.swingui.relational.TVFKRelation" oid="7074747E-63BF-C5B3-753D-E34F594FB6E4" otype="FKIndexAssociation" vid_source="5DD191A2-F59A-29C5-EA3C-CCC90983DA07" vid_target="9B58AD17-BB13-0CD4-ACC6-E4A34901848C">
<hideElementsInCurrentOnly>false</hideElementsInCurrentOnly>
<backgroundColor>-16777216</backgroundColor>
<lineWidth>1</lineWidth>
<points>
<point x="964" y="886"/>
<point x="556" y="168"/>
</points>
</Connector>
<Connector class="oracle.dbtools.crest.swingui.relational.TVFKRelation" oid="74035F9B-D047-9A85-0F12-F03B1693143C" otype="FKIndexAssociation" vid_source="B51314B7-37C2-5B31-2FD8-55E79C7C48DF" vid_target="0C230504-4C66-73D5-B175-AFA6B7FA4831">
<hideElementsInCurrentOnly>false</hideElementsInCurrentOnly>
<backgroundColor>-16777216</backgroundColor>
<lineWidth>1</lineWidth>
<points>
<point x="703" y="574"/>
<point x="949" y="396"/>
</points>
</Connector>
<Connector class="oracle.dbtools.crest.swingui.relational.TVFKRelation" oid="7688DEAD-8149-339E-2CEA-968A67A0997D" otype="FKIndexAssociation" vid_source="CA51F0EA-D041-CC69-5F6A-EC3BEB0DD0F1" vid_target="B51314B7-37C2-5B31-2FD8-55E79C7C48DF">
<hideElementsInCurrentOnly>false</hideElementsInCurrentOnly>
<backgroundColor>-16777216</backgroundColor>
<lineWidth>1</lineWidth>
<points>
<point x="439" y="449"/>
<point x="542" y="574"/>
</points>
</Connector>
<Connector class="oracle.dbtools.crest.swingui.relational.TVFKRelation" oid="78A5440A-AA32-0CD5-99F2-CB25402D2CBF" otype="FKIndexAssociation" vid_source="2D3ED775-D1CD-B61A-EFB2-DC0E5F54C196" vid_target="6E158DEF-16CF-B322-C565-DD2E5346C9C8">
<hideElementsInCurrentOnly>false</hideElementsInCurrentOnly>
<backgroundColor>-16777216</backgroundColor>
<lineWidth>1</lineWidth>
<points>
<point x="230" y="195"/>
<point x="121" y="550"/>
</points>
</Connector>
<Connector class="oracle.dbtools.crest.swingui.relational.TVFKRelation" oid="81BCF7F1-0F15-3DF2-6F6A-B0A1F96DC6DC" otype="FKIndexAssociation" vid_source="5A8BF07E-1DEF-DA47-F071-A9B9E2AE72F4" vid_target="C770AD78-1CC1-A00B-1C29-8331CC6B9B8E">
<hideElementsInCurrentOnly>false</hideElementsInCurrentOnly>
<backgroundColor>-16777216</backgroundColor>
<lineWidth>1</lineWidth>
<points>
<point x="1390" y="1325"/>
<point x="1390" y="1160"/>
</points>
</Connector>
<Connector class="oracle.dbtools.crest.swingui.relational.TVFKRelation" oid="89D9F4FA-CC3E-75B8-0254-A89AD13F4D13" otype="FKIndexAssociation" vid_source="C770AD78-1CC1-A00B-1C29-8331CC6B9B8E" vid_target="28236B92-D193-DF54-E189-E1A70B44013A">
<hideElementsInCurrentOnly>false</hideElementsInCurrentOnly>
<backgroundColor>-16777216</backgroundColor>
<lineWidth>1</lineWidth>
<points>
<point x="1372" y="966"/>
<point x="1372" y="734"/>
</points>
</Connector>
<Connector class="oracle.dbtools.crest.swingui.relational.TVFKRelation" oid="8FF3D7D3-467E-E5E4-A03D-3AD39402BD45" otype="FKIndexAssociation" vid_source="B51314B7-37C2-5B31-2FD8-55E79C7C48DF" vid_target="45BA0156-6778-2BF9-2CF7-9A2B50B6CD43">
<hideElementsInCurrentOnly>false</hideElementsInCurrentOnly>
<backgroundColor>-16777216</backgroundColor>
<lineWidth>1</lineWidth>
<points>
<point x="724" y="685"/>
<point x="1024" y="685"/>
</points>
</Connector>
<Connector class="oracle.dbtools.crest.swingui.relational.TVFKRelation" oid="97AA844C-2201-1DE5-80CF-9555719320AA" otype="FKIndexAssociation" vid_source="B51314B7-37C2-5B31-2FD8-55E79C7C48DF" vid_target="F3B3D0B6-D8C2-758D-86EE-1E4DAF697BF2">
<hideElementsInCurrentOnly>false</hideElementsInCurrentOnly>
<backgroundColor>-16777216</backgroundColor>
<lineWidth>1</lineWidth>
<points>
<point x="553" y="574"/>
<point x="553" y="286"/>
</points>
</Connector>
<Connector class="oracle.dbtools.crest.swingui.relational.TVFKRelation" oid="A208A34E-B497-32B1-1E7F-0E37ED855663" otype="FKIndexAssociation" vid_source="05E68BEF-EEB5-6F8D-8707-20E88108B760" vid_target="20EAEF29-388C-D89A-5D8E-C65260498976">
<hideElementsInCurrentOnly>false</hideElementsInCurrentOnly>
<backgroundColor>-16777216</backgroundColor>
<lineWidth>1</lineWidth>
<points>
<point x="662" y="430"/>
<point x="662" y="348"/>
</points>
</Connector>
<Connector class="oracle.dbtools.crest.swingui.relational.TVFKRelation" oid="A22C449C-B305-A1DB-E095-FD1EBC1BB908" otype="FKIndexAssociation" vid_source="F3B3D0B6-D8C2-758D-86EE-1E4DAF697BF2" vid_target="B1B2DFF0-7102-3E57-5898-6FB9B3B37EF8">
<hideElementsInCurrentOnly>false</hideElementsInCurrentOnly>
<backgroundColor>-16777216</backgroundColor>
<lineWidth>1</lineWidth>
<points>
<point x="594" y="226"/>
<point x="1799" y="534"/>
</points>
</Connector>
<Connector class="oracle.dbtools.crest.swingui.relational.TVFKRelation" oid="AA8F5310-46FA-C3F0-BEE7-DC65C7BD93FB" otype="FKIndexAssociation" vid_source="B51314B7-37C2-5B31-2FD8-55E79C7C48DF" vid_target="7525F5EC-032F-6859-D5DD-89173FC248DB">
<hideElementsInCurrentOnly>false</hideElementsInCurrentOnly>
<backgroundColor>-16777216</backgroundColor>
<lineWidth>1</lineWidth>
<points>
<point x="724" y="624"/>
<point x="1269" y="523"/>
</points>
</Connector>
<Connector class="oracle.dbtools.crest.swingui.relational.TVFKRelation" oid="AF83312E-5B94-1763-3895-4CDC99CDF11E" otype="FKIndexAssociation" vid_source="05E68BEF-EEB5-6F8D-8707-20E88108B760" vid_target="3476FFC2-BA5B-A319-F643-48A479115D3B">
<hideElementsInCurrentOnly>false</hideElementsInCurrentOnly>
<backgroundColor>-16777216</backgroundColor>
<lineWidth>1</lineWidth>
<points>
<point x="755" y="430"/>
<point x="910" y="333"/>
</points>
</Connector>
<Connector class="oracle.dbtools.crest.swingui.relational.TVFKRelation" oid="B3D3CB01-919B-553B-00D5-4826C3C3DEC7" otype="FKIndexAssociation" vid_source="2D3ED775-D1CD-B61A-EFB2-DC0E5F54C196" vid_target="D0FA743F-1BAF-CCF1-D26E-C699D1125E0F">
<hideElementsInCurrentOnly>false</hideElementsInCurrentOnly>
<backgroundColor>-16777216</backgroundColor>
<lineWidth>1</lineWidth>
<points>
<point x="245" y="195"/>
<point x="245" y="426"/>
</points>
</Connector>
<Connector class="oracle.dbtools.crest.swingui.relational.TVFKRelation" oid="BF0B671D-3241-0635-3562-826B72CC74BB" otype="FKIndexAssociation" vid_source="F3B3D0B6-D8C2-758D-86EE-1E4DAF697BF2" vid_target="4CE61058-2FB8-4E31-A922-2032434034E0">
<hideElementsInCurrentOnly>false</hideElementsInCurrentOnly>
<backgroundColor>-16777216</backgroundColor>
<lineWidth>1</lineWidth>
<points>
<point x="594" y="166"/>
<point x="1048" y="166"/>
</points>
</Connector>
<Connector class="oracle.dbtools.crest.swingui.relational.TVFKRelation" oid="C7D960C2-A488-D8DB-F43C-40557439A3B7" otype="FKIndexAssociation" vid_source="B51314B7-37C2-5B31-2FD8-55E79C7C48DF" vid_target="6E158DEF-16CF-B322-C565-DD2E5346C9C8">
<hideElementsInCurrentOnly>false</hideElementsInCurrentOnly>
<backgroundColor>-16777216</backgroundColor>
<lineWidth>1</lineWidth>
<points>
<point x="482" y="622"/>
<point x="157" y="622"/>
</points>
</Connector>
<Connector class="oracle.dbtools.crest.swingui.relational.TVFKRelation" oid="C94BC73E-C0C6-7748-2B67-3AE1FAC67C8C" otype="FKIndexAssociation" vid_source="2D3ED775-D1CD-B61A-EFB2-DC0E5F54C196" vid_target="F3B3D0B6-D8C2-758D-86EE-1E4DAF697BF2">
<hideElementsInCurrentOnly>false</hideElementsInCurrentOnly>
<backgroundColor>-16777216</backgroundColor>
<lineWidth>1</lineWidth>
<points>
<point x="317" y="163"/>
<point x="455" y="163"/>
</points>
</Connector>
<Connector class="oracle.dbtools.crest.swingui.relational.TVFKRelation" oid="CB8B21E6-4113-F685-8A9B-18320546B90E" otype="FKIndexAssociation" vid_source="B51314B7-37C2-5B31-2FD8-55E79C7C48DF" vid_target="6A4F7FFE-D6BE-9C91-7258-471FFFB67C84">
<hideElementsInCurrentOnly>false</hideElementsInCurrentOnly>
<backgroundColor>-16777216</backgroundColor>
<lineWidth>1</lineWidth>
<points>
<point x="652" y="720"/>
<point x="936" y="1138"/>
</points>
</Connector>
<Connector class="oracle.dbtools.crest.swingui.relational.TVFKRelation" oid="D0CB14EB-E066-968C-F621-992A9B77E13C" otype="FKIndexAssociation" vid_source="28236B92-D193-DF54-E189-E1A70B44013A" vid_target="1A2607DF-B5F4-9AFF-B1C8-AEDEAD997CAB">
<hideElementsInCurrentOnly>false</hideElementsInCurrentOnly>
<backgroundColor>-16777216</backgroundColor>
<lineWidth>1</lineWidth>
<points>
<point x="1349" y="593"/>
<point x="987" y="216"/>
</points>
</Connector>
<Connector class="oracle.dbtools.crest.swingui.relational.TVFKRelation" oid="D8A169ED-F227-A41F-38FB-53E8B8BED3CC" otype="FKIndexAssociation" vid_source="D1CDDB5A-1DD5-6380-C1EE-700BAFD2C490" vid_target="F3B3D0B6-D8C2-758D-86EE-1E4DAF697BF2">
<hideElementsInCurrentOnly>false</hideElementsInCurrentOnly>
<backgroundColor>-16777216</backgroundColor>
<lineWidth>1</lineWidth>
<points>
<point x="710" y="139"/>
<point x="594" y="139"/>
</points>
</Connector>
<Connector class="oracle.dbtools.crest.swingui.relational.TVFKRelation" oid="EC85124E-A572-7C8A-0B3B-39C38A21CB93" otype="FKIndexAssociation" vid_source="F3B3D0B6-D8C2-758D-86EE-1E4DAF697BF2" vid_target="7525F5EC-032F-6859-D5DD-89173FC248DB">
<hideElementsInCurrentOnly>false</hideElementsInCurrentOnly>
<backgroundColor>-16777216</backgroundColor>
<lineWidth>1</lineWidth>
<points>
<point x="594" y="233"/>
<point x="1269" y="477"/>
</points>
</Connector>
<Connector class="oracle.dbtools.crest.swingui.relational.TVFKRelation" oid="F2ACB64D-4848-BD21-8FC8-B0974BF58B1A" otype="FKIndexAssociation" vid_source="F3B3D0B6-D8C2-758D-86EE-1E4DAF697BF2" vid_target="D7CF61F1-0132-5371-4D18-786F68B10B84">
<hideElementsInCurrentOnly>false</hideElementsInCurrentOnly>
<backgroundColor>-16777216</backgroundColor>
<lineWidth>1</lineWidth>
<points>
<point x="577" y="286"/>
<point x="577" y="298"/>
</points>
</Connector>
<Connector class="oracle.dbtools.crest.swingui.relational.TVFKRelation" oid="F2B7893B-B705-857B-9B17-61DF8E030A4D" otype="FKIndexAssociation" vid_source="28236B92-D193-DF54-E189-E1A70B44013A" vid_target="9262D300-C8F2-27AC-19EC-8EEF09D2467D">
<hideElementsInCurrentOnly>false</hideElementsInCurrentOnly>
<backgroundColor>-16777216</backgroundColor>
<lineWidth>1</lineWidth>
<points>
<point x="1349" y="629"/>
<point x="670" y="277"/>
</points>
</Connector>
</connectors>
<arcs>
<Arc class="oracle.dbtools.crest.swingui.relational.TVFKArc" oid="64490082-972A-CA59-7D28-B0B76B574FCA" otype="FKArc" vid="5A60CBF0-2EF2-2B77-25A3-B6B9783257A8">
<hideElementsInCurrentOnly>false</hideElementsInCurrentOnly>
<bounds x="546" y="994" width="147" height="121"/>
</Arc>
<Arc class="oracle.dbtools.crest.swingui.relational.TVFKArc" oid="E7583732-A5E9-BE96-5600-00F36E515E34" otype="FKArc" vid="B1B513CC-BC99-2231-CFB9-0C678883B59D">
<hideElementsInCurrentOnly>false</hideElementsInCurrentOnly>
<bounds x="168" y="35" width="169" height="180"/>
</Arc>
</arcs>
</Diagram>