<?xml version = '1.0' encoding = 'UTF-8'?>
<Table class="oracle.dbtools.crest.model.design.relational.Table" directorySegmentName="seg_0" id="0B782D0D-9432-8332-45C5-CE6D735652DC" name="uniforms">
<createdBy>hovhannes</createdBy>
<createdTime>2018-11-29 17:48:47 UTC</createdTime>
<generatorID>8463E64F-5644-B75F-922A-22D022795551</generatorID>
<ownerDesignName>datamodeler29.11</ownerDesignName>
<allowColumnReorder>false</allowColumnReorder>
<existDependencyGenerateInDDl>true</existDependencyGenerateInDDl>
<parsed>true</parsed>
<columns itemClass="oracle.dbtools.crest.model.design.relational.Column">
<Column name="firm" id="0ECB74DD-D86B-465F-FBA6-B5D968387771">
<createdBy>hovhannes</createdBy>
<createdTime>2018-11-29 17:48:47 UTC</createdTime>
<generatorID>A88F1F77-991E-F18E-8B22-EBEEDAC5EA97</generatorID>
<ownerDesignName>datamodeler29.11</ownerDesignName>
<useDomainConstraints>false</useDomainConstraints>
<use>1</use>
<logicalDatatype>LOGDT024</logicalDatatype>
<dataTypeSize>50 CHAR</dataTypeSize>
<ownDataTypeParameters>50 CHAR,,</ownDataTypeParameters>
<autoIncrementCycle>false</autoIncrementCycle>
</Column>
<Column name="color_scheme" id="E83D1436-7B06-1886-AFF6-DBAD2D61D7A8">
<createdBy>hovhannes</createdBy>
<createdTime>2018-11-29 17:48:47 UTC</createdTime>
<generatorID>158D682E-5AFE-DE57-CF84-ECC69EE8C79B</generatorID>
<ownerDesignName>datamodeler29.11</ownerDesignName>
<nullsAllowed>true</nullsAllowed>
<useDomainConstraints>false</useDomainConstraints>
<use>1</use>
<logicalDatatype>LOGDT024</logicalDatatype>
<dataTypeSize>50 CHAR</dataTypeSize>
<ownDataTypeParameters>50 CHAR,,</ownDataTypeParameters>
<autoIncrementCycle>false</autoIncrementCycle>
</Column>
<Column name="fabric" id="373E8281-90E8-0407-66D1-140B897941FA">
<createdBy>hovhannes</createdBy>
<createdTime>2018-11-29 17:48:47 UTC</createdTime>
<generatorID>D92A29CA-7538-AB4C-CC6B-8A17ED3E25C3</generatorID>
<ownerDesignName>datamodeler29.11</ownerDesignName>
<nullsAllowed>true</nullsAllowed>
<useDomainConstraints>false</useDomainConstraints>
<use>1</use>
<logicalDatatype>LOGDT024</logicalDatatype>
<dataTypeSize>50 CHAR</dataTypeSize>
<ownDataTypeParameters>50 CHAR,,</ownDataTypeParameters>
<autoIncrementCycle>false</autoIncrementCycle>
</Column>
<Column name="teams_team_id" id="A9657D8D-C75B-6A4F-96A5-EABC4F29B141">
<createdBy>hovhannes</createdBy>
<createdTime>2018-11-29 17:48:47 UTC</createdTime>
<generatorID>6E27E5AC-E7C3-377E-8013-CC4D7F5310F3</generatorID>
<ownerDesignName>datamodeler29.11</ownerDesignName>
<useDomainConstraints>false</useDomainConstraints>
<use>1</use>
<logicalDatatype>LOGDT019</logicalDatatype>
<dataTypePrecision>10</dataTypePrecision>
<ownDataTypeParameters>,,</ownDataTypeParameters>
<previousColumn>false</previousColumn>
<autoIncrementCycle>false</autoIncrementCycle>
<associations>
<colAssociation fkAssociation="CB8B21E6-4113-F685-8A9B-18320546B90E" referredColumn="6417D305-699F-D352-AFB9-22F4534CDEE0"/>
</associations>
</Column>
<Column name="man_firm_man_firm_ID1" id="18912E20-D0A5-C558-A446-9AA906256652">
<createdBy>hovhannes</createdBy>
<createdTime>2018-11-29 17:48:47 UTC</createdTime>
<ownerDesignName>datamodeler29.11</ownerDesignName>
<nullsAllowed>true</nullsAllowed>
<useDomainConstraints>false</useDomainConstraints>
<use>1</use>
<logicalDatatype>LOGDT019</logicalDatatype>
<ownDataTypeParameters>,,</ownDataTypeParameters>
<previousColumn>false</previousColumn>
<autoIncrementCycle>false</autoIncrementCycle>
<associations>
<colAssociation fkAssociation="56BBE228-558E-0CC5-9C68-F98A8A98A8E9" referredColumn="33B4574A-DBFC-85BB-D45F-3A67D4F70DEB"/>
</associations>
</Column>
</columns>
<indexes itemClass="oracle.dbtools.crest.model.design.relational.Index">
<ind_PK_UK id="D92BFC1B-431E-D07D-BBFC-4D13A6490DE3" name="uniforms_PK">
<createdBy>hovhannes</createdBy>
<createdTime>2018-11-29 17:48:47 UTC</createdTime>
<generatorID>BC0A04AE-BCD1-D608-42A7-CD2F037A5213</generatorID>
<ownerDesignName>datamodeler29.11</ownerDesignName>
<pk>true</pk>
<indexState>Primary Constraint</indexState>
<isSurrogateKey>false</isSurrogateKey>
<indexColumnUsage>
<colUsage columnID="A9657D8D-C75B-6A4F-96A5-EABC4F29B141"/>
<colUsage columnID="0ECB74DD-D86B-465F-FBA6-B5D968387771"/>
</indexColumnUsage>
</ind_PK_UK>
<ind_PK_UK id="21C5268B-522D-ABC8-0499-6D258578DFE4" name="uniforms_teams_FK">
<createdBy>hovhannes</createdBy>
<createdTime>2018-11-29 17:48:47 UTC</createdTime>
<generatorID>CF56DB8E-4173-3432-9CE7-A3E79250340A</generatorID>
<ownerDesignName>datamodeler29.11</ownerDesignName>
<indexState>Foreign Key</indexState>
<isSurrogateKey>false</isSurrogateKey>
<indexColumnUsage>
<colUsage columnID="A9657D8D-C75B-6A4F-96A5-EABC4F29B141"/>
</indexColumnUsage>
</ind_PK_UK>
<ind_PK_UK id="622761AF-BDF8-F87D-A458-7BB881A77620" name="uniforms_man_firm_FK">
<createdBy>hovhannes</createdBy>
<createdTime>2018-11-29 17:48:47 UTC</createdTime>
<generatorID>099A95F7-8148-44A4-BDF9-CBC4DC8EC337</generatorID>
<ownerDesignName>datamodeler29.11</ownerDesignName>
<indexState>Foreign Key</indexState>
<isSurrogateKey>false</isSurrogateKey>
<indexColumnUsage>
<colUsage columnID="18912E20-D0A5-C558-A446-9AA906256652"/>
</indexColumnUsage>
</ind_PK_UK>
</indexes>
</Table>