<?xml version = '1.0' encoding = 'UTF-8'?>
<Table class="oracle.dbtools.crest.model.design.relational.Table" directorySegmentName="seg_0" id="0B9234D6-3BC4-4AC1-956D-5CEB696DB673" name="teams_sponsors">
<createdBy>hovhannes</createdBy>
<createdTime>2018-11-29 17:48:47 UTC</createdTime>
<ownerDesignName>datamodeler29.11</ownerDesignName>
<allowColumnReorder>false</allowColumnReorder>
<existDependencyGenerateInDDl>true</existDependencyGenerateInDDl>
<parsed>true</parsed>
<columns itemClass="oracle.dbtools.crest.model.design.relational.Column">
<Column name="sponsors_sponsor_id" id="99942C24-E561-9687-A7D6-79B67279BA86">
<createdBy>hovhannes</createdBy>
<createdTime>2018-11-29 17:48:47 UTC</createdTime>
<ownerDesignName>datamodeler29.11</ownerDesignName>
<useDomainConstraints>false</useDomainConstraints>
<use>1</use>
<logicalDatatype>LOGDT019</logicalDatatype>
<dataTypePrecision>10</dataTypePrecision>
<ownDataTypeParameters>,,</ownDataTypeParameters>
<previousColumn>false</previousColumn>
<autoIncrementCycle>false</autoIncrementCycle>
<associations>
<colAssociation fkAssociation="AF83312E-5B94-1763-3895-4CDC99CDF11E" referredColumn="859425F5-4AC5-C484-C905-7E8CF47A1F7D"/>
</associations>
</Column>
<Column name="teams_team_id" id="B9851DFB-BEA0-015F-BF8B-05B336249156">
<createdBy>hovhannes</createdBy>
<createdTime>2018-11-29 17:48:47 UTC</createdTime>
<ownerDesignName>datamodeler29.11</ownerDesignName>
<useDomainConstraints>false</useDomainConstraints>
<use>1</use>
<logicalDatatype>LOGDT019</logicalDatatype>
<dataTypePrecision>10</dataTypePrecision>
<ownDataTypeParameters>,,</ownDataTypeParameters>
<previousColumn>false</previousColumn>
<autoIncrementCycle>false</autoIncrementCycle>
<associations>
<colAssociation fkAssociation="21DEF9E2-9C9B-F956-DC47-F2D839449E37" referredColumn="6417D305-699F-D352-AFB9-22F4534CDEE0"/>
</associations>
</Column>
</columns>
<indexes itemClass="oracle.dbtools.crest.model.design.relational.Index">
<ind_PK_UK id="4A936A99-5583-99D6-DA99-5DADBB5FA949" name="teams_sponsors_PK">
<createdBy>hovhannes</createdBy>
<createdTime>2018-11-29 17:48:47 UTC</createdTime>
<ownerDesignName>datamodeler29.11</ownerDesignName>
<pk>true</pk>
<indexState>Primary Constraint</indexState>
<isSurrogateKey>false</isSurrogateKey>
<indexColumnUsage>
<colUsage columnID="99942C24-E561-9687-A7D6-79B67279BA86"/>
<colUsage columnID="B9851DFB-BEA0-015F-BF8B-05B336249156"/>
</indexColumnUsage>
</ind_PK_UK>
<ind_PK_UK id="C829E518-6975-B904-8FA5-03FF7A81F8F2" name="teams_sponsors_sponsors_FK">
<createdBy>hovhannes</createdBy>
<createdTime>2018-11-29 17:48:47 UTC</createdTime>
<generatorID>C9B9EF83-4D95-4092-4CE2-DD792CF150EC</generatorID>
<ownerDesignName>datamodeler29.11</ownerDesignName>
<indexState>Foreign Key</indexState>
<isSurrogateKey>false</isSurrogateKey>
<indexColumnUsage>
<colUsage columnID="99942C24-E561-9687-A7D6-79B67279BA86"/>
</indexColumnUsage>
</ind_PK_UK>
<ind_PK_UK id="46383A73-C536-425A-B299-DF9453CDD2BB" name="teams_sponsors_teams_FK">
<createdBy>hovhannes</createdBy>
<createdTime>2018-11-29 17:48:47 UTC</createdTime>
<generatorID>C9B9EF83-4D95-4092-4CE2-DD792CF150EC</generatorID>
<ownerDesignName>datamodeler29.11</ownerDesignName>
<indexState>Foreign Key</indexState>
<isSurrogateKey>false</isSurrogateKey>
<indexColumnUsage>
<colUsage columnID="B9851DFB-BEA0-015F-BF8B-05B336249156"/>
</indexColumnUsage>
</ind_PK_UK>
</indexes>
</Table>