<?xml version = '1.0' encoding = 'UTF-8'?>
<Table class="oracle.dbtools.crest.model.design.relational.Table" directorySegmentName="seg_0" id="2B52B6FC-6429-E63D-EC62-0520C529A292" name="fixture">
<createdBy>hovhannes</createdBy>
<createdTime>2018-11-29 17:48:47 UTC</createdTime>
<generatorID>8A13655C-8CE0-DF66-EB74-B2E0623C935C</generatorID>
<ownerDesignName>datamodeler29.11</ownerDesignName>
<allowColumnReorder>false</allowColumnReorder>
<existDependencyGenerateInDDl>true</existDependencyGenerateInDDl>
<parsed>true</parsed>
<columns itemClass="oracle.dbtools.crest.model.design.relational.Column">
<Column name="fixture_id" id="E6FEE5A3-A0CF-B8E9-AFA0-6738D5F7A32B">
<createdBy>hovhannes</createdBy>
<createdTime>2018-11-29 17:48:47 UTC</createdTime>
<generatorID>3181E379-70C0-2F05-1E57-D080E635BDFF</generatorID>
<ownerDesignName>datamodeler29.11</ownerDesignName>
<useDomainConstraints>false</useDomainConstraints>
<use>1</use>
<logicalDatatype>LOGDT019</logicalDatatype>
<dataTypePrecision>10</dataTypePrecision>
<ownDataTypeParameters>,10,</ownDataTypeParameters>
<autoIncrementCycle>false</autoIncrementCycle>
</Column>
<Column name="date" id="BEE55515-507D-6A37-AA77-B4C4910C0D13">
<createdBy>hovhannes</createdBy>
<createdTime>2018-11-29 17:48:47 UTC</createdTime>
<generatorID>69EB5C53-150C-4391-639B-EF1E2738A473</generatorID>
<ownerDesignName>datamodeler29.11</ownerDesignName>
<nullsAllowed>true</nullsAllowed>
<useDomainConstraints>false</useDomainConstraints>
<use>1</use>
<logicalDatatype>LOGDT007</logicalDatatype>
<ownDataTypeParameters>,,</ownDataTypeParameters>
<autoIncrementCycle>false</autoIncrementCycle>
</Column>
<Column name="teams_team_id" id="AD850E05-73D0-448B-8243-4E72B791F49C">
<createdBy>hovhannes</createdBy>
<createdTime>2018-11-29 17:48:47 UTC</createdTime>
<generatorID>B1A18562-834B-3486-903E-0F8A3F909ACB</generatorID>
<ownerDesignName>datamodeler29.11</ownerDesignName>
<useDomainConstraints>false</useDomainConstraints>
<use>1</use>
<logicalDatatype>LOGDT019</logicalDatatype>
<dataTypePrecision>10</dataTypePrecision>
<ownDataTypeParameters>,,</ownDataTypeParameters>
<previousColumn>false</previousColumn>
<autoIncrementCycle>false</autoIncrementCycle>
<associations>
<colAssociation fkAssociation="37807176-AC45-626F-2DF4-6C946812522D" referredColumn="6417D305-699F-D352-AFB9-22F4534CDEE0"/>
</associations>
</Column>
<Column name="teams_team_id1" id="2B31DBC0-4B0C-F3EE-2765-6EF5782AFBC3">
<createdBy>hovhannes</createdBy>
<createdTime>2018-11-29 17:48:47 UTC</createdTime>
<generatorID>E58D8295-D8A0-EF58-F981-FC4A4EB3AE14</generatorID>
<ownerDesignName>datamodeler29.11</ownerDesignName>
<useDomainConstraints>false</useDomainConstraints>
<use>1</use>
<logicalDatatype>LOGDT019</logicalDatatype>
<dataTypePrecision>10</dataTypePrecision>
<ownDataTypeParameters>,,</ownDataTypeParameters>
<previousColumn>false</previousColumn>
<autoIncrementCycle>false</autoIncrementCycle>
<associations>
<colAssociation fkAssociation="8FF3D7D3-467E-E5E4-A03D-3AD39402BD45" referredColumn="6417D305-699F-D352-AFB9-22F4534CDEE0"/>
</associations>
</Column>
</columns>
<indexes itemClass="oracle.dbtools.crest.model.design.relational.Index">
<ind_PK_UK id="9B7B176B-C7B5-1DC5-CBC3-6CBFA6AC6F1E" name="fixture_PK">
<createdBy>hovhannes</createdBy>
<createdTime>2018-11-29 17:48:47 UTC</createdTime>
<generatorID>E5D6748F-235F-534C-7CEF-4F8F660C6395</generatorID>
<ownerDesignName>datamodeler29.11</ownerDesignName>
<pk>true</pk>
<indexState>Primary Constraint</indexState>
<isSurrogateKey>false</isSurrogateKey>
<indexColumnUsage>
<colUsage columnID="E6FEE5A3-A0CF-B8E9-AFA0-6738D5F7A32B"/>
</indexColumnUsage>
</ind_PK_UK>
<ind_PK_UK id="8B46E1DC-1C9E-440E-7A53-298C7DD2B9BD" name="fixture_teams_FK">
<createdBy>hovhannes</createdBy>
<createdTime>2018-11-29 17:48:47 UTC</createdTime>
<generatorID>E17E5296-9537-003E-E0AE-714C47FE156E</generatorID>
<ownerDesignName>datamodeler29.11</ownerDesignName>
<indexState>Foreign Key</indexState>
<isSurrogateKey>false</isSurrogateKey>
<indexColumnUsage>
<colUsage columnID="AD850E05-73D0-448B-8243-4E72B791F49C"/>
</indexColumnUsage>
</ind_PK_UK>
<ind_PK_UK id="B65E7C31-DE79-B721-559A-5E0450944567" name="fixture_teams_FKv2">
<createdBy>hovhannes</createdBy>
<createdTime>2018-11-29 17:48:47 UTC</createdTime>
<generatorID>C787A229-B277-5DF1-08FA-210FA9769285</generatorID>
<ownerDesignName>datamodeler29.11</ownerDesignName>
<indexState>Foreign Key</indexState>
<isSurrogateKey>false</isSurrogateKey>
<indexColumnUsage>
<colUsage columnID="2B31DBC0-4B0C-F3EE-2765-6EF5782AFBC3"/>
</indexColumnUsage>
</ind_PK_UK>
</indexes>
</Table>