<?xml version = '1.0' encoding = 'UTF-8'?>
<Table class="oracle.dbtools.crest.model.design.relational.Table" directorySegmentName="seg_0" id="2C1D40EF-1A5D-41EC-2C60-8E77CFE0E8EA" name="plys_mtchs_gls">
<createdBy>hovhannes</createdBy>
<createdTime>2018-11-29 17:48:47 UTC</createdTime>
<generatorID>37C1A765-13D4-66B9-9F23-3E9A2EA568BE</generatorID>
<ownerDesignName>datamodeler29.11</ownerDesignName>
<allowColumnReorder>false</allowColumnReorder>
<existDependencyGenerateInDDl>true</existDependencyGenerateInDDl>
<parsed>true</parsed>
<columns itemClass="oracle.dbtools.crest.model.design.relational.Column">
<Column name="players_employee_id1" id="1B959C6F-4A44-7C6D-0465-0F1A72EDA265">
<createdBy>hovhannes</createdBy>
<createdTime>2018-11-29 17:48:47 UTC</createdTime>
<generatorID>2CCAF908-C0BE-A856-0015-7E4A5F64F84B</generatorID>
<ownerDesignName>datamodeler29.11</ownerDesignName>
<useDomainConstraints>false</useDomainConstraints>
<use>1</use>
<logicalDatatype>LOGDT019</logicalDatatype>
<dataTypePrecision>10</dataTypePrecision>
<ownDataTypeParameters>,,</ownDataTypeParameters>
<previousColumn>false</previousColumn>
<autoIncrementCycle>false</autoIncrementCycle>
<associations>
<colAssociation fkAssociation="A22C449C-B305-A1DB-E095-FD1EBC1BB908" referredColumn="A4911325-B0BC-A6ED-2D1D-B4AC876C3635"/>
</associations>
</Column>
<Column name="matches_match_id" id="E4432919-ABBF-A23A-F93E-8EF6BD9765A0">
<createdBy>hovhannes</createdBy>
<createdTime>2018-11-29 17:48:47 UTC</createdTime>
<generatorID>6A85F40A-05FB-9EA5-9999-68E18330540E</generatorID>
<ownerDesignName>datamodeler29.11</ownerDesignName>
<useDomainConstraints>false</useDomainConstraints>
<use>1</use>
<logicalDatatype>LOGDT019</logicalDatatype>
<dataTypePrecision>10</dataTypePrecision>
<ownDataTypeParameters>,,</ownDataTypeParameters>
<previousColumn>false</previousColumn>
<autoIncrementCycle>false</autoIncrementCycle>
<associations>
<colAssociation fkAssociation="169193D8-A71D-ECB6-4642-8D451E173D11" referredColumn="9F043873-DFC3-569C-3716-0E132712C314"/>
</associations>
</Column>
<Column name="goals_goal_id" id="4F6D93AF-4D3E-9761-2F15-132226B68655">
<createdBy>hovhannes</createdBy>
<createdTime>2018-11-29 17:48:47 UTC</createdTime>
<generatorID>255BD68F-D920-D688-63B7-76ED4312C3A3</generatorID>
<ownerDesignName>datamodeler29.11</ownerDesignName>
<useDomainConstraints>false</useDomainConstraints>
<use>1</use>
<logicalDatatype>LOGDT019</logicalDatatype>
<dataTypePrecision>10</dataTypePrecision>
<ownDataTypeParameters>,,</ownDataTypeParameters>
<previousColumn>false</previousColumn>
<autoIncrementCycle>false</autoIncrementCycle>
<associations>
<colAssociation fkAssociation="5E543C42-DFE8-B7CD-779D-BC6252ACE7A0" referredColumn="948976B5-0E5C-47F0-94CA-0E01FA04F6E7"/>
</associations>
</Column>
<Column name="players_employee_id" id="6555DCA9-0710-FF0F-0F8F-F7077F0491FF">
<createdBy>hovhannes</createdBy>
<createdTime>2018-11-29 17:48:47 UTC</createdTime>
<generatorID>DF3AC926-487A-15E4-D4EF-2647656DC251</generatorID>
<ownerDesignName>datamodeler29.11</ownerDesignName>
<nullsAllowed>true</nullsAllowed>
<useDomainConstraints>false</useDomainConstraints>
<use>1</use>
<logicalDatatype>LOGDT019</logicalDatatype>
<dataTypePrecision>10</dataTypePrecision>
<ownDataTypeParameters>,,</ownDataTypeParameters>
<previousColumn>false</previousColumn>
<autoIncrementCycle>false</autoIncrementCycle>
<associations>
<colAssociation fkAssociation="234D247E-1DFA-2B38-EC4E-028A626043DC" referredColumn="A4911325-B0BC-A6ED-2D1D-B4AC876C3635"/>
</associations>
</Column>
</columns>
<indexes itemClass="oracle.dbtools.crest.model.design.relational.Index">
<ind_PK_UK id="F6B7F041-3ECF-0A99-2DC4-C0249B4423BA" name="plys_mtchs_gls__IDX">
<createdBy>hovhannes</createdBy>
<createdTime>2018-11-29 17:48:47 UTC</createdTime>
<ownerDesignName>datamodeler29.11</ownerDesignName>
<indexState>Unique Plain Index</indexState>
<isSurrogateKey>false</isSurrogateKey>
<relationGeneratorID>0271AC62-F6DD-42E2-5DA0-9FA60B23E762</relationGeneratorID>
<indexColumnUsage>
<colUsage columnID="6555DCA9-0710-FF0F-0F8F-F7077F0491FF"/>
</indexColumnUsage>
</ind_PK_UK>
<ind_PK_UK id="B246D454-6431-5788-5013-5A4F58449F40" name="plys_mtchs_gls__IDXv1">
<createdBy>hovhannes</createdBy>
<createdTime>2018-11-29 17:48:47 UTC</createdTime>
<ownerDesignName>datamodeler29.11</ownerDesignName>
<indexState>Unique Plain Index</indexState>
<isSurrogateKey>false</isSurrogateKey>
<relationGeneratorID>19F27700-B2CD-E069-D48A-785F154B669B</relationGeneratorID>
<indexColumnUsage>
<colUsage columnID="4F6D93AF-4D3E-9761-2F15-132226B68655"/>
</indexColumnUsage>
</ind_PK_UK>
<ind_PK_UK id="DA750B7D-0482-13BC-7980-0B3506BB5D57" name="plys_mtchs_gls_players_FK">
<createdBy>hovhannes</createdBy>
<createdTime>2018-11-29 17:48:47 UTC</createdTime>
<generatorID>0271AC62-F6DD-42E2-5DA0-9FA60B23E762</generatorID>
<ownerDesignName>datamodeler29.11</ownerDesignName>
<indexState>Foreign Key</indexState>
<isSurrogateKey>false</isSurrogateKey>
<indexColumnUsage>
<colUsage columnID="6555DCA9-0710-FF0F-0F8F-F7077F0491FF"/>
</indexColumnUsage>
</ind_PK_UK>
<ind_PK_UK id="E4208178-D8CF-E7C7-0CD0-79EA4AB33F53" name="plys_mtchs_gls_matches_FK">
<createdBy>hovhannes</createdBy>
<createdTime>2018-11-29 17:48:47 UTC</createdTime>
<generatorID>0A602EE0-C1A1-363D-A9D1-D67B7680505F</generatorID>
<ownerDesignName>datamodeler29.11</ownerDesignName>
<indexState>Foreign Key</indexState>
<isSurrogateKey>false</isSurrogateKey>
<indexColumnUsage>
<colUsage columnID="E4432919-ABBF-A23A-F93E-8EF6BD9765A0"/>
</indexColumnUsage>
</ind_PK_UK>
<ind_PK_UK id="94C569E3-3D08-9FDB-1A1A-E4C9D2D2836B" name="plys_mtchs_gls_goals_FK">
<createdBy>hovhannes</createdBy>
<createdTime>2018-11-29 17:48:47 UTC</createdTime>
<generatorID>19F27700-B2CD-E069-D48A-785F154B669B</generatorID>
<ownerDesignName>datamodeler29.11</ownerDesignName>
<indexState>Foreign Key</indexState>
<isSurrogateKey>false</isSurrogateKey>
<indexColumnUsage>
<colUsage columnID="4F6D93AF-4D3E-9761-2F15-132226B68655"/>
</indexColumnUsage>
</ind_PK_UK>
<ind_PK_UK id="94FC92BB-443E-05A2-B72E-803E224DD222" name="plys_mtchs_gls_players_FKv2">
<createdBy>hovhannes</createdBy>
<createdTime>2018-11-29 17:48:47 UTC</createdTime>
<generatorID>14BDF126-29EF-3CB2-47BC-D14F9FC32486</generatorID>
<ownerDesignName>datamodeler29.11</ownerDesignName>
<indexState>Foreign Key</indexState>
<isSurrogateKey>false</isSurrogateKey>
<indexColumnUsage>
<colUsage columnID="1B959C6F-4A44-7C6D-0465-0F1A72EDA265"/>
</indexColumnUsage>
</ind_PK_UK>
</indexes>
</Table>