<?xml version = '1.0' encoding = 'UTF-8'?>
<Table class="oracle.dbtools.crest.model.design.relational.Table" directorySegmentName="seg_0" id="31F0BF21-0E89-41BD-FD63-BE0297F3041A" name="commentators">
<createdBy>hovhannes</createdBy>
<createdTime>2018-11-29 17:48:47 UTC</createdTime>
<generatorID>B0775516-3ADF-0E10-F6C9-F99C36CD6A0E</generatorID>
<ownerDesignName>datamodeler29.11</ownerDesignName>
<allowColumnReorder>false</allowColumnReorder>
<existDependencyGenerateInDDl>true</existDependencyGenerateInDDl>
<parsed>true</parsed>
<columns itemClass="oracle.dbtools.crest.model.design.relational.Column">
<Column name="commentator_id" id="ECA96B20-4F61-B782-D0C0-126521DDE0BF">
<createdBy>hovhannes</createdBy>
<createdTime>2018-11-29 17:48:47 UTC</createdTime>
<generatorID>5B6562A5-4963-1679-4BAC-AEB1757D1692</generatorID>
<ownerDesignName>datamodeler29.11</ownerDesignName>
<useDomainConstraints>false</useDomainConstraints>
<use>1</use>
<logicalDatatype>LOGDT019</logicalDatatype>
<dataTypePrecision>10</dataTypePrecision>
<ownDataTypeParameters>,10,</ownDataTypeParameters>
<autoIncrementCycle>false</autoIncrementCycle>
</Column>
<Column name="name" id="EFAF3776-0DE6-06D7-4B16-8B8F01A83379">
<createdBy>hovhannes</createdBy>
<createdTime>2018-11-29 17:48:47 UTC</createdTime>
<generatorID>95FA86F7-AF1D-3909-2167-7257C71F505F</generatorID>
<ownerDesignName>datamodeler29.11</ownerDesignName>
<nullsAllowed>true</nullsAllowed>
<useDomainConstraints>false</useDomainConstraints>
<use>1</use>
<logicalDatatype>LOGDT024</logicalDatatype>
<dataTypeSize>50 CHAR</dataTypeSize>
<ownDataTypeParameters>50 CHAR,,</ownDataTypeParameters>
<autoIncrementCycle>false</autoIncrementCycle>
</Column>
<Column name="spoken_language" id="F8B27C2A-8BE6-A86C-95FA-C70742CF1AA8">
<createdBy>hovhannes</createdBy>
<createdTime>2018-11-29 17:48:47 UTC</createdTime>
<generatorID>AD67A9B4-6F59-9ACF-8F6E-C2108C5DFC7F</generatorID>
<ownerDesignName>datamodeler29.11</ownerDesignName>
<nullsAllowed>true</nullsAllowed>
<useDomainConstraints>false</useDomainConstraints>
<use>1</use>
<logicalDatatype>LOGDT024</logicalDatatype>
<dataTypeSize>50 CHAR</dataTypeSize>
<ownDataTypeParameters>50 CHAR,,</ownDataTypeParameters>
<autoIncrementCycle>false</autoIncrementCycle>
</Column>
<Column name="start_date" id="ACFC1088-9996-DFA0-9209-108254728E65">
<createdBy>hovhannes</createdBy>
<createdTime>2018-11-29 17:48:47 UTC</createdTime>
<generatorID>9970DCB4-FFF3-3A33-2949-A282F7360310</generatorID>
<ownerDesignName>datamodeler29.11</ownerDesignName>
<nullsAllowed>true</nullsAllowed>
<useDomainConstraints>false</useDomainConstraints>
<use>1</use>
<logicalDatatype>LOGDT007</logicalDatatype>
<ownDataTypeParameters>,,</ownDataTypeParameters>
<autoIncrementCycle>false</autoIncrementCycle>
</Column>
<Column name="tvs_tv_id" id="1E8C78E4-9892-72E6-254C-55FFE3DCDEAD">
<createdBy>hovhannes</createdBy>
<createdTime>2018-11-29 17:48:47 UTC</createdTime>
<generatorID>CC5D0897-B822-C8E6-FDC4-CFF910E71B4B</generatorID>
<ownerDesignName>datamodeler29.11</ownerDesignName>
<nullsAllowed>true</nullsAllowed>
<useDomainConstraints>false</useDomainConstraints>
<use>1</use>
<logicalDatatype>LOGDT019</logicalDatatype>
<dataTypePrecision>10</dataTypePrecision>
<ownDataTypeParameters>,,</ownDataTypeParameters>
<previousColumn>false</previousColumn>
<autoIncrementCycle>false</autoIncrementCycle>
<associations>
<colAssociation fkAssociation="81BCF7F1-0F15-3DF2-6F6A-B0A1F96DC6DC" referredColumn="51FF164B-5540-3FB4-E693-04A6B370B2F6"/>
</associations>
</Column>
</columns>
<indexes itemClass="oracle.dbtools.crest.model.design.relational.Index">
<ind_PK_UK id="2EEA148C-0279-BD5E-269C-B61BF72AC516" name="commentators_PK">
<createdBy>hovhannes</createdBy>
<createdTime>2018-11-29 17:48:47 UTC</createdTime>
<generatorID>6DE613CC-7A38-ED6E-8E7D-708BAB038873</generatorID>
<ownerDesignName>datamodeler29.11</ownerDesignName>
<pk>true</pk>
<indexState>Primary Constraint</indexState>
<isSurrogateKey>false</isSurrogateKey>
<indexColumnUsage>
<colUsage columnID="ECA96B20-4F61-B782-D0C0-126521DDE0BF"/>
</indexColumnUsage>
</ind_PK_UK>
<ind_PK_UK id="0E1A4D8B-A09E-3DED-8A85-007A1BF0582F" name="commentators_tvs_FK">
<createdBy>hovhannes</createdBy>
<createdTime>2018-11-29 17:48:47 UTC</createdTime>
<generatorID>AE746783-5CE7-D998-D7FC-D95ADE459B33</generatorID>
<ownerDesignName>datamodeler29.11</ownerDesignName>
<indexState>Foreign Key</indexState>
<isSurrogateKey>false</isSurrogateKey>
<indexColumnUsage>
<colUsage columnID="1E8C78E4-9892-72E6-254C-55FFE3DCDEAD"/>
</indexColumnUsage>
</ind_PK_UK>
</indexes>
</Table>