<?xml version = '1.0' encoding = 'UTF-8'?>
<Table class="oracle.dbtools.crest.model.design.relational.Table" directorySegmentName="seg_0" id="39690CD2-4180-6308-D522-69D543C45BCE" name="matches">
<createdBy>hovhannes</createdBy>
<createdTime>2018-11-29 17:48:47 UTC</createdTime>
<generatorID>3C2AD7CE-888C-4E37-C7B7-692BA425350F</generatorID>
<ownerDesignName>datamodeler29.11</ownerDesignName>
<allowColumnReorder>false</allowColumnReorder>
<existDependencyGenerateInDDl>true</existDependencyGenerateInDDl>
<parsed>true</parsed>
<columns itemClass="oracle.dbtools.crest.model.design.relational.Column">
<Column name="match_id" id="9F043873-DFC3-569C-3716-0E132712C314">
<createdBy>hovhannes</createdBy>
<createdTime>2018-11-29 17:48:47 UTC</createdTime>
<generatorID>90BC5B27-4479-C07E-B49F-0C57854B8313</generatorID>
<ownerDesignName>datamodeler29.11</ownerDesignName>
<useDomainConstraints>false</useDomainConstraints>
<use>1</use>
<logicalDatatype>LOGDT019</logicalDatatype>
<dataTypePrecision>10</dataTypePrecision>
<ownDataTypeParameters>,10,</ownDataTypeParameters>
<autoIncrementCycle>false</autoIncrementCycle>
</Column>
<Column name="date" id="D59702E4-B18C-49E0-D08B-3A0B781B9ADC">
<createdBy>hovhannes</createdBy>
<createdTime>2018-11-29 17:48:47 UTC</createdTime>
<generatorID>6115753E-9776-684A-4272-D364DAFADA8F</generatorID>
<ownerDesignName>datamodeler29.11</ownerDesignName>
<nullsAllowed>true</nullsAllowed>
<useDomainConstraints>false</useDomainConstraints>
<use>1</use>
<logicalDatatype>LOGDT007</logicalDatatype>
<ownDataTypeParameters>,,</ownDataTypeParameters>
<autoIncrementCycle>false</autoIncrementCycle>
</Column>
<Column name="minutes_played" id="64B98F3A-ADA7-7FC5-0E34-207BCB827114">
<createdBy>hovhannes</createdBy>
<createdTime>2018-11-29 17:48:47 UTC</createdTime>
<generatorID>235FAE4C-8A74-1ED6-AF6A-9AE735C8B7DA</generatorID>
<ownerDesignName>datamodeler29.11</ownerDesignName>
<nullsAllowed>true</nullsAllowed>
<useDomainConstraints>false</useDomainConstraints>
<use>1</use>
<logicalDatatype>LOGDT019</logicalDatatype>
<dataTypePrecision>10</dataTypePrecision>
<dataTypeScale>2</dataTypeScale>
<ownDataTypeParameters>,10,2</ownDataTypeParameters>
<autoIncrementCycle>false</autoIncrementCycle>
</Column>
<Column name="weather" id="5C0C8C99-AA23-61D8-F37B-B8E3E6134BB8">
<createdBy>hovhannes</createdBy>
<createdTime>2018-11-29 17:48:47 UTC</createdTime>
<generatorID>44F2055D-F3ED-289E-7873-1188021E36F5</generatorID>
<ownerDesignName>datamodeler29.11</ownerDesignName>
<nullsAllowed>true</nullsAllowed>
<useDomainConstraints>false</useDomainConstraints>
<use>1</use>
<logicalDatatype>LOGDT024</logicalDatatype>
<dataTypeSize>50 CHAR</dataTypeSize>
<ownDataTypeParameters>50 CHAR,,</ownDataTypeParameters>
<autoIncrementCycle>false</autoIncrementCycle>
</Column>
<Column name="fixture_fixture_id" id="86EB6276-8372-953A-24C2-7BABFDAB5189">
<createdBy>hovhannes</createdBy>
<createdTime>2018-11-29 17:48:47 UTC</createdTime>
<generatorID>A5D9EE9D-B984-FEF1-5026-FD612C862337</generatorID>
<ownerDesignName>datamodeler29.11</ownerDesignName>
<nullsAllowed>true</nullsAllowed>
<useDomainConstraints>false</useDomainConstraints>
<use>1</use>
<logicalDatatype>LOGDT019</logicalDatatype>
<dataTypePrecision>10</dataTypePrecision>
<ownDataTypeParameters>,,</ownDataTypeParameters>
<previousColumn>false</previousColumn>
<autoIncrementCycle>false</autoIncrementCycle>
<associations>
<colAssociation fkAssociation="06209740-45D4-1C16-49C1-4F7EB2674C3E" referredColumn="E6FEE5A3-A0CF-B8E9-AFA0-6738D5F7A32B"/>
</associations>
</Column>
<Column name="stadiums_stadium_id" id="FCE1D89D-7C04-2C12-35B9-3CDD651F2429">
<createdBy>hovhannes</createdBy>
<createdTime>2018-11-29 17:48:47 UTC</createdTime>
<generatorID>6DECF64B-DF72-64C0-1704-90E9D5A8707D</generatorID>
<ownerDesignName>datamodeler29.11</ownerDesignName>
<useDomainConstraints>false</useDomainConstraints>
<use>1</use>
<logicalDatatype>LOGDT019</logicalDatatype>
<dataTypePrecision>10</dataTypePrecision>
<ownDataTypeParameters>,,</ownDataTypeParameters>
<previousColumn>false</previousColumn>
<autoIncrementCycle>false</autoIncrementCycle>
<associations>
<colAssociation fkAssociation="5DE08A2C-49B2-5101-8268-50C45F55F4FC" referredColumn="B9149EBF-976A-A87C-A56D-FC730FD48E11"/>
</associations>
</Column>
<Column name="leagues_leagues_id" id="66F899A8-42EB-52A7-6D21-8BEE3E80EF54">
<createdBy>hovhannes</createdBy>
<createdTime>2018-11-29 17:48:47 UTC</createdTime>
<generatorID>1971901C-E158-D93B-1FB2-C3217FCFCF08</generatorID>
<ownerDesignName>datamodeler29.11</ownerDesignName>
<nullsAllowed>true</nullsAllowed>
<useDomainConstraints>false</useDomainConstraints>
<use>1</use>
<logicalDatatype>LOGDT019</logicalDatatype>
<dataTypePrecision>10</dataTypePrecision>
<ownDataTypeParameters>,,</ownDataTypeParameters>
<previousColumn>false</previousColumn>
<autoIncrementCycle>false</autoIncrementCycle>
<associations>
<colAssociation fkAssociation="228BFE98-14F2-CB80-F49C-B072F28F493C" referredColumn="304C805A-A2C0-CF23-C626-08975263126D"/>
</associations>
</Column>
<Column name="commentators_commentator_id" id="06073C62-F204-90C3-5749-56610004B32B">
<createdBy>hovhannes</createdBy>
<createdTime>2018-11-29 17:48:47 UTC</createdTime>
<generatorID>A7F580B9-2952-5E0F-60C2-C6282BE84BF7</generatorID>
<ownerDesignName>datamodeler29.11</ownerDesignName>
<nullsAllowed>true</nullsAllowed>
<useDomainConstraints>false</useDomainConstraints>
<use>1</use>
<logicalDatatype>LOGDT019</logicalDatatype>
<dataTypePrecision>10</dataTypePrecision>
<ownDataTypeParameters>,,</ownDataTypeParameters>
<previousColumn>false</previousColumn>
<autoIncrementCycle>false</autoIncrementCycle>
<associations>
<colAssociation fkAssociation="89D9F4FA-CC3E-75B8-0254-A89AD13F4D13" referredColumn="ECA96B20-4F61-B782-D0C0-126521DDE0BF"/>
</associations>
</Column>
<Column name="referees_referees_id" id="79CF2379-5C77-D755-9807-7925A07BC71E">
<createdBy>hovhannes</createdBy>
<createdTime>2018-11-29 17:48:47 UTC</createdTime>
<generatorID>16C4BA4C-033E-CCC5-EC48-605C6D5D3ABB</generatorID>
<ownerDesignName>datamodeler29.11</ownerDesignName>
<nullsAllowed>true</nullsAllowed>
<useDomainConstraints>false</useDomainConstraints>
<use>1</use>
<logicalDatatype>LOGDT019</logicalDatatype>
<dataTypePrecision>10</dataTypePrecision>
<ownDataTypeParameters>,,</ownDataTypeParameters>
<previousColumn>false</previousColumn>
<autoIncrementCycle>false</autoIncrementCycle>
<associations>
<colAssociation fkAssociation="3AEA46B6-10F5-E3E3-B952-7C14EB05C3FE" referredColumn="87DB78BD-494D-BACD-FA47-4BD0043AD16B"/>
</associations>
</Column>
</columns>
<indexes itemClass="oracle.dbtools.crest.model.design.relational.Index">
<ind_PK_UK id="4BA0EC92-0687-2B61-6C56-89AB4FB75A0E" name="matches_PK">
<createdBy>hovhannes</createdBy>
<createdTime>2018-11-29 17:48:47 UTC</createdTime>
<generatorID>01D55665-3109-7E63-8614-0373E584FE1E</generatorID>
<ownerDesignName>datamodeler29.11</ownerDesignName>
<pk>true</pk>
<indexState>Primary Constraint</indexState>
<isSurrogateKey>false</isSurrogateKey>
<indexColumnUsage>
<colUsage columnID="9F043873-DFC3-569C-3716-0E132712C314"/>
</indexColumnUsage>
</ind_PK_UK>
<ind_PK_UK id="490727D3-9C5B-4BB3-F97D-86ECFE35AF44" name="matches__IDX">
<createdBy>hovhannes</createdBy>
<createdTime>2018-11-29 17:48:47 UTC</createdTime>
<ownerDesignName>datamodeler29.11</ownerDesignName>
<indexState>Unique Plain Index</indexState>
<isSurrogateKey>false</isSurrogateKey>
<relationGeneratorID>09F58AA5-6E96-0D27-148E-C2930925ECE7</relationGeneratorID>
<indexColumnUsage>
<colUsage columnID="86EB6276-8372-953A-24C2-7BABFDAB5189"/>
</indexColumnUsage>
</ind_PK_UK>
<ind_PK_UK id="FDB88B13-D031-0ABB-AD6B-AA9324ED510E" name="matches__IDXv1">
<createdBy>hovhannes</createdBy>
<createdTime>2018-11-29 17:48:47 UTC</createdTime>
<ownerDesignName>datamodeler29.11</ownerDesignName>
<indexState>Unique Plain Index</indexState>
<isSurrogateKey>false</isSurrogateKey>
<relationGeneratorID>D4C5169B-A8D6-12C1-21AB-A155924CE12C</relationGeneratorID>
<indexColumnUsage>
<colUsage columnID="06073C62-F204-90C3-5749-56610004B32B"/>
</indexColumnUsage>
</ind_PK_UK>
<ind_PK_UK id="4C173C34-0120-DB92-BCEA-1902B066CEAA" name="matches__IDXv2">
<createdBy>hovhannes</createdBy>
<createdTime>2018-11-29 17:48:47 UTC</createdTime>
<ownerDesignName>datamodeler29.11</ownerDesignName>
<indexState>Unique Plain Index</indexState>
<isSurrogateKey>false</isSurrogateKey>
<relationGeneratorID>19C7D576-8775-E02E-B29B-283D2D587585</relationGeneratorID>
<indexColumnUsage>
<colUsage columnID="79CF2379-5C77-D755-9807-7925A07BC71E"/>
</indexColumnUsage>
</ind_PK_UK>
<ind_PK_UK id="FF04B0EB-7EEF-E9BE-6364-1A431407B7C0" name="matches_fixture_FK">
<createdBy>hovhannes</createdBy>
<createdTime>2018-11-29 17:48:47 UTC</createdTime>
<generatorID>09F58AA5-6E96-0D27-148E-C2930925ECE7</generatorID>
<ownerDesignName>datamodeler29.11</ownerDesignName>
<indexState>Foreign Key</indexState>
<isSurrogateKey>false</isSurrogateKey>
<indexColumnUsage>
<colUsage columnID="86EB6276-8372-953A-24C2-7BABFDAB5189"/>
</indexColumnUsage>
</ind_PK_UK>
<ind_PK_UK id="BF250C8E-F00C-FEF2-A91F-91E420631F52" name="matches_stadiums_FK">
<createdBy>hovhannes</createdBy>
<createdTime>2018-11-29 17:48:47 UTC</createdTime>
<generatorID>A99D51DF-EA2D-A66D-C327-22690DCF96E4</generatorID>
<ownerDesignName>datamodeler29.11</ownerDesignName>
<indexState>Foreign Key</indexState>
<isSurrogateKey>false</isSurrogateKey>
<indexColumnUsage>
<colUsage columnID="FCE1D89D-7C04-2C12-35B9-3CDD651F2429"/>
</indexColumnUsage>
</ind_PK_UK>
<ind_PK_UK id="F6F21B1A-3A23-6257-4912-B8E0BA6EC01A" name="matches_leagues_FK">
<createdBy>hovhannes</createdBy>
<createdTime>2018-11-29 17:48:47 UTC</createdTime>
<generatorID>715469D6-A5DA-73E4-971E-58E98F1AF303</generatorID>
<ownerDesignName>datamodeler29.11</ownerDesignName>
<indexState>Foreign Key</indexState>
<isSurrogateKey>false</isSurrogateKey>
<indexColumnUsage>
<colUsage columnID="66F899A8-42EB-52A7-6D21-8BEE3E80EF54"/>
</indexColumnUsage>
</ind_PK_UK>
<ind_PK_UK id="91EA7B84-F682-46F1-F14E-A5D300296EFA" name="matches_commentators_FK">
<createdBy>hovhannes</createdBy>
<createdTime>2018-11-29 17:48:47 UTC</createdTime>
<generatorID>D4C5169B-A8D6-12C1-21AB-A155924CE12C</generatorID>
<ownerDesignName>datamodeler29.11</ownerDesignName>
<indexState>Foreign Key</indexState>
<isSurrogateKey>false</isSurrogateKey>
<indexColumnUsage>
<colUsage columnID="06073C62-F204-90C3-5749-56610004B32B"/>
</indexColumnUsage>
</ind_PK_UK>
<ind_PK_UK id="BF737A00-86AB-104C-2F99-4F3838899858" name="matches_referees_FK">
<createdBy>hovhannes</createdBy>
<createdTime>2018-11-29 17:48:47 UTC</createdTime>
<generatorID>19C7D576-8775-E02E-B29B-283D2D587585</generatorID>
<ownerDesignName>datamodeler29.11</ownerDesignName>
<indexState>Foreign Key</indexState>
<isSurrogateKey>false</isSurrogateKey>
<indexColumnUsage>
<colUsage columnID="79CF2379-5C77-D755-9807-7925A07BC71E"/>
</indexColumnUsage>
</ind_PK_UK>
</indexes>
</Table>