<?xml version = '1.0' encoding = 'UTF-8'?>
<Table class="oracle.dbtools.crest.model.design.relational.Table" directorySegmentName="seg_0" id="3D57BF96-5731-D01E-5F20-A1953F89253A" name="goals">
<createdBy>hovhannes</createdBy>
<createdTime>2018-11-29 17:48:47 UTC</createdTime>
<generatorID>E986DF1F-B5BB-A8AE-7602-F4A127ED7038</generatorID>
<ownerDesignName>datamodeler29.11</ownerDesignName>
<allowColumnReorder>false</allowColumnReorder>
<existDependencyGenerateInDDl>true</existDependencyGenerateInDDl>
<parsed>true</parsed>
<columns itemClass="oracle.dbtools.crest.model.design.relational.Column">
<Column name="goal_id" id="948976B5-0E5C-47F0-94CA-0E01FA04F6E7">
<createdBy>hovhannes</createdBy>
<createdTime>2018-11-29 17:48:47 UTC</createdTime>
<generatorID>D96138DA-CA5D-E5D3-CD25-899DC15BEF46</generatorID>
<ownerDesignName>datamodeler29.11</ownerDesignName>
<useDomainConstraints>false</useDomainConstraints>
<use>1</use>
<logicalDatatype>LOGDT019</logicalDatatype>
<dataTypePrecision>10</dataTypePrecision>
<ownDataTypeParameters>,10,</ownDataTypeParameters>
<autoIncrementCycle>false</autoIncrementCycle>
</Column>
<Column name="distance" id="D0BD7F76-5395-2C99-56FD-8B8F9F767195">
<createdBy>hovhannes</createdBy>
<createdTime>2018-11-29 17:48:47 UTC</createdTime>
<generatorID>6E7511D1-12E4-BDD7-9192-904CEC2AE716</generatorID>
<ownerDesignName>datamodeler29.11</ownerDesignName>
<nullsAllowed>true</nullsAllowed>
<useDomainConstraints>false</useDomainConstraints>
<use>1</use>
<logicalDatatype>LOGDT019</logicalDatatype>
<dataTypePrecision>10</dataTypePrecision>
<dataTypeScale>2</dataTypeScale>
<ownDataTypeParameters>,10,2</ownDataTypeParameters>
<autoIncrementCycle>false</autoIncrementCycle>
</Column>
<Column name="minute" id="54D52DF1-7C9D-C878-8F97-D7378028A868">
<createdBy>hovhannes</createdBy>
<createdTime>2018-11-29 17:48:47 UTC</createdTime>
<generatorID>F36CDA13-C1DF-7960-501F-AC28A28E27AA</generatorID>
<ownerDesignName>datamodeler29.11</ownerDesignName>
<nullsAllowed>true</nullsAllowed>
<useDomainConstraints>false</useDomainConstraints>
<use>1</use>
<logicalDatatype>LOGDT019</logicalDatatype>
<dataTypePrecision>10</dataTypePrecision>
<ownDataTypeParameters>,10,</ownDataTypeParameters>
<autoIncrementCycle>false</autoIncrementCycle>
</Column>
<Column name="body_part" id="1867071F-BC1E-4C28-3EBD-741BB8AA4AA9">
<createdBy>hovhannes</createdBy>
<createdTime>2018-11-29 17:48:47 UTC</createdTime>
<generatorID>623E948A-C185-C733-23D3-6917064DE747</generatorID>
<ownerDesignName>datamodeler29.11</ownerDesignName>
<nullsAllowed>true</nullsAllowed>
<useDomainConstraints>false</useDomainConstraints>
<use>1</use>
<logicalDatatype>LOGDT024</logicalDatatype>
<dataTypeSize>50 CHAR</dataTypeSize>
<ownDataTypeParameters>50 CHAR,,</ownDataTypeParameters>
<autoIncrementCycle>false</autoIncrementCycle>
</Column>
</columns>
<indexes itemClass="oracle.dbtools.crest.model.design.relational.Index">
<ind_PK_UK id="0BCEC8A7-9838-8F5F-B931-A81506BCBA96" name="goals_PK">
<createdBy>hovhannes</createdBy>
<createdTime>2018-11-29 17:48:47 UTC</createdTime>
<generatorID>8DD0DAEB-E4ED-1931-A5E8-04D92B616E91</generatorID>
<ownerDesignName>datamodeler29.11</ownerDesignName>
<pk>true</pk>
<indexState>Primary Constraint</indexState>
<isSurrogateKey>false</isSurrogateKey>
<indexColumnUsage>
<colUsage columnID="948976B5-0E5C-47F0-94CA-0E01FA04F6E7"/>
</indexColumnUsage>
</ind_PK_UK>
</indexes>
</Table>