<?xml version = '1.0' encoding = 'UTF-8'?>
<Table class="oracle.dbtools.crest.model.design.relational.Table" directorySegmentName="seg_0" id="4DAD3864-E29F-2659-9481-774FCB9A45D2" name="coaches">
<createdBy>hovhannes</createdBy>
<createdTime>2018-11-29 17:48:47 UTC</createdTime>
<generatorID>3A81F67F-BB47-06DE-8AD9-667CFB4BB3AE</generatorID>
<ownerDesignName>datamodeler29.11</ownerDesignName>
<allowColumnReorder>false</allowColumnReorder>
<existDependencyGenerateInDDl>true</existDependencyGenerateInDDl>
<parsed>true</parsed>
<columns itemClass="oracle.dbtools.crest.model.design.relational.Column">
<Column name="employee_id" id="D1051CA2-BBA4-D9A2-E4C8-3A598558A5B2">
<createdBy>hovhannes</createdBy>
<createdTime>2018-11-29 17:48:47 UTC</createdTime>
<generatorID>28BD8B87-6276-B6EB-75EE-CB518BB0AE7F</generatorID>
<ownerDesignName>datamodeler29.11</ownerDesignName>
<useDomainConstraints>false</useDomainConstraints>
<use>1</use>
<logicalDatatype>LOGDT019</logicalDatatype>
<dataTypePrecision>10</dataTypePrecision>
<ownDataTypeParameters>,,</ownDataTypeParameters>
<autoIncrementCycle>false</autoIncrementCycle>
<associations>
<colAssociation fkAssociation="78A5440A-AA32-0CD5-99F2-CB25402D2CBF" referredColumn="4AC5E3D6-F411-AB82-A2C3-963CE7E48AF6"/>
</associations>
</Column>
<Column name="nickname" id="1465BB28-09C1-EDE2-F941-713FFA6274FF">
<createdBy>hovhannes</createdBy>
<createdTime>2018-11-29 17:48:47 UTC</createdTime>
<generatorID>A1F414EA-814F-AEE4-E120-631E19CE67C6</generatorID>
<ownerDesignName>datamodeler29.11</ownerDesignName>
<nullsAllowed>true</nullsAllowed>
<useDomainConstraints>false</useDomainConstraints>
<use>1</use>
<logicalDatatype>LOGDT024</logicalDatatype>
<dataTypeSize>50 BYTE</dataTypeSize>
<ownDataTypeParameters>50 BYTE,,</ownDataTypeParameters>
<autoIncrementCycle>false</autoIncrementCycle>
</Column>
<Column name="type" id="E6275A77-3CFF-9E23-BE66-C13A46004D72">
<createdBy>hovhannes</createdBy>
<createdTime>2018-11-29 17:48:47 UTC</createdTime>
<generatorID>2C89161D-C5BB-E9E7-6410-75FBDCFE386B</generatorID>
<ownerDesignName>datamodeler29.11</ownerDesignName>
<nullsAllowed>true</nullsAllowed>
<useDomainConstraints>false</useDomainConstraints>
<use>1</use>
<logicalDatatype>LOGDT024</logicalDatatype>
<dataTypeSize>50 BYTE</dataTypeSize>
<ownDataTypeParameters>50 BYTE,,</ownDataTypeParameters>
<autoIncrementCycle>false</autoIncrementCycle>
</Column>
<Column name="teams_team_id" id="8AB6FE35-7465-ACE8-AB90-BDA7177261F3">
<createdBy>hovhannes</createdBy>
<createdTime>2018-11-29 17:48:47 UTC</createdTime>
<generatorID>2E3DBC86-4969-8A0E-570F-748415D2D2B3</generatorID>
<ownerDesignName>datamodeler29.11</ownerDesignName>
<nullsAllowed>true</nullsAllowed>
<useDomainConstraints>false</useDomainConstraints>
<use>1</use>
<logicalDatatype>LOGDT019</logicalDatatype>
<dataTypePrecision>10</dataTypePrecision>
<ownDataTypeParameters>,,</ownDataTypeParameters>
<previousColumn>false</previousColumn>
<autoIncrementCycle>false</autoIncrementCycle>
<associations>
<colAssociation fkAssociation="C7D960C2-A488-D8DB-F43C-40557439A3B7" referredColumn="6417D305-699F-D352-AFB9-22F4534CDEE0"/>
</associations>
</Column>
</columns>
<indexes itemClass="oracle.dbtools.crest.model.design.relational.Index">
<ind_PK_UK id="89D6F796-685D-D95E-19D0-6372F3CDBE6B" name="coaches_PK">
<createdBy>hovhannes</createdBy>
<createdTime>2018-11-29 17:48:47 UTC</createdTime>
<generatorID>769EA94B-104D-85EB-56B3-CF214B885F22</generatorID>
<ownerDesignName>datamodeler29.11</ownerDesignName>
<pk>true</pk>
<indexState>Primary Constraint</indexState>
<isSurrogateKey>false</isSurrogateKey>
<indexColumnUsage>
<colUsage columnID="D1051CA2-BBA4-D9A2-E4C8-3A598558A5B2"/>
</indexColumnUsage>
</ind_PK_UK>
<ind_PK_UK id="9C73B6F3-817B-0C95-1B56-59D6EE7FC3AA" name="coaches_employees_FK">
<createdBy>hovhannes</createdBy>
<createdTime>2018-11-29 17:48:47 UTC</createdTime>
<generatorID>A3070B3C-D79B-D0FB-B195-053470535473</generatorID>
<ownerDesignName>datamodeler29.11</ownerDesignName>
<indexState>Foreign Key</indexState>
<isSurrogateKey>false</isSurrogateKey>
<indexColumnUsage>
<colUsage columnID="D1051CA2-BBA4-D9A2-E4C8-3A598558A5B2"/>
</indexColumnUsage>
</ind_PK_UK>
<ind_PK_UK id="038CBBC7-BA02-2567-0C30-4314E43FB011" name="coaches_teams_FK">
<createdBy>hovhannes</createdBy>
<createdTime>2018-11-29 17:48:47 UTC</createdTime>
<generatorID>946E9F25-A349-0364-1AB5-B84A68B5B20B</generatorID>
<ownerDesignName>datamodeler29.11</ownerDesignName>
<indexState>Foreign Key</indexState>
<isSurrogateKey>false</isSurrogateKey>
<indexColumnUsage>
<colUsage columnID="8AB6FE35-7465-ACE8-AB90-BDA7177261F3"/>
</indexColumnUsage>
</ind_PK_UK>
</indexes>
</Table>