<?xml version = '1.0' encoding = 'UTF-8'?>
<Table class="oracle.dbtools.crest.model.design.relational.Table" directorySegmentName="seg_0" id="503C15BB-A904-9618-83CD-F75C3E545DF7" name="presidents">
<createdBy>hovhannes</createdBy>
<createdTime>2018-11-29 17:48:47 UTC</createdTime>
<generatorID>FE07F1DC-6339-C620-EBE3-5BABF9E44328</generatorID>
<ownerDesignName>datamodeler29.11</ownerDesignName>
<allowColumnReorder>false</allowColumnReorder>
<existDependencyGenerateInDDl>true</existDependencyGenerateInDDl>
<parsed>true</parsed>
<columns itemClass="oracle.dbtools.crest.model.design.relational.Column">
<Column name="employee_id" id="71A48520-3DEB-C010-668F-7638F88073D3">
<createdBy>hovhannes</createdBy>
<createdTime>2018-11-29 17:48:47 UTC</createdTime>
<generatorID>28BD8B87-6276-B6EB-75EE-CB518BB0AE7F</generatorID>
<ownerDesignName>datamodeler29.11</ownerDesignName>
<useDomainConstraints>false</useDomainConstraints>
<use>1</use>
<logicalDatatype>LOGDT019</logicalDatatype>
<dataTypePrecision>10</dataTypePrecision>
<ownDataTypeParameters>,,</ownDataTypeParameters>
<autoIncrementCycle>false</autoIncrementCycle>
<associations>
<colAssociation fkAssociation="2F4DA6E4-36BB-4613-6ED1-21DE5D100195" referredColumn="4AC5E3D6-F411-AB82-A2C3-963CE7E48AF6"/>
</associations>
</Column>
<Column name="years_on_board" id="DB16D9E0-3329-8980-8E95-E74087CA54D7">
<createdBy>hovhannes</createdBy>
<createdTime>2018-11-29 17:48:47 UTC</createdTime>
<generatorID>765C1221-D489-9754-92B9-0E77ABCB03E4</generatorID>
<ownerDesignName>datamodeler29.11</ownerDesignName>
<nullsAllowed>true</nullsAllowed>
<useDomainConstraints>false</useDomainConstraints>
<use>1</use>
<logicalDatatype>LOGDT019</logicalDatatype>
<dataTypePrecision>5</dataTypePrecision>
<ownDataTypeParameters>,5,</ownDataTypeParameters>
<autoIncrementCycle>false</autoIncrementCycle>
</Column>
</columns>
<indexes itemClass="oracle.dbtools.crest.model.design.relational.Index">
<ind_PK_UK id="70FA0DA4-E7E5-05C1-6891-BF4F0721CB3D" name="presidents_PK">
<createdBy>hovhannes</createdBy>
<createdTime>2018-11-29 17:48:47 UTC</createdTime>
<generatorID>769EA94B-104D-85EB-56B3-CF214B885F22</generatorID>
<ownerDesignName>datamodeler29.11</ownerDesignName>
<pk>true</pk>
<indexState>Primary Constraint</indexState>
<isSurrogateKey>false</isSurrogateKey>
<indexColumnUsage>
<colUsage columnID="71A48520-3DEB-C010-668F-7638F88073D3"/>
</indexColumnUsage>
</ind_PK_UK>
<ind_PK_UK id="C66A2EB2-6913-45B9-1499-351AFDB2CE0F" name="presidents_employees_FK">
<createdBy>hovhannes</createdBy>
<createdTime>2018-11-29 17:48:47 UTC</createdTime>
<generatorID>8BB5D49C-9C88-879D-D908-1CF2B7ED1B32</generatorID>
<ownerDesignName>datamodeler29.11</ownerDesignName>
<indexState>Foreign Key</indexState>
<isSurrogateKey>false</isSurrogateKey>
<indexColumnUsage>
<colUsage columnID="71A48520-3DEB-C010-668F-7638F88073D3"/>
</indexColumnUsage>
</ind_PK_UK>
</indexes>
</Table>