<?xml version = '1.0' encoding = 'UTF-8'?>
<Table class="oracle.dbtools.crest.model.design.relational.Table" directorySegmentName="seg_0" id="76D6F9D6-E876-1D83-CC08-3D7DE36B54E1" name="teams">
<createdBy>hovhannes</createdBy>
<createdTime>2018-11-29 17:48:47 UTC</createdTime>
<generatorID>FA03E2A2-C972-99D3-20E9-11DA949CB1AB</generatorID>
<ownerDesignName>datamodeler29.11</ownerDesignName>
<allowColumnReorder>false</allowColumnReorder>
<existDependencyGenerateInDDl>true</existDependencyGenerateInDDl>
<parsed>true</parsed>
<columns itemClass="oracle.dbtools.crest.model.design.relational.Column">
<Column name="team_id" id="6417D305-699F-D352-AFB9-22F4534CDEE0">
<createdBy>hovhannes</createdBy>
<createdTime>2018-11-29 17:48:47 UTC</createdTime>
<generatorID>F3869B41-E85E-0434-87D5-D41FED3086A7</generatorID>
<ownerDesignName>datamodeler29.11</ownerDesignName>
<useDomainConstraints>false</useDomainConstraints>
<use>1</use>
<logicalDatatype>LOGDT019</logicalDatatype>
<dataTypePrecision>10</dataTypePrecision>
<ownDataTypeParameters>,10,</ownDataTypeParameters>
<autoIncrementCycle>false</autoIncrementCycle>
</Column>
<Column name="name" id="8BEA806D-7019-42A9-983E-BB592C4DDA27">
<createdBy>hovhannes</createdBy>
<createdTime>2018-11-29 17:48:47 UTC</createdTime>
<generatorID>AF3ADBB0-6EBC-A182-DB35-012A894D5275</generatorID>
<ownerDesignName>datamodeler29.11</ownerDesignName>
<nullsAllowed>true</nullsAllowed>
<useDomainConstraints>false</useDomainConstraints>
<use>1</use>
<logicalDatatype>LOGDT024</logicalDatatype>
<dataTypeSize>50 CHAR</dataTypeSize>
<ownDataTypeParameters>50 CHAR,,</ownDataTypeParameters>
<autoIncrementCycle>false</autoIncrementCycle>
</Column>
<Column name="value" id="66FC6431-3AE3-42B1-D25D-067314D8664E">
<createdBy>hovhannes</createdBy>
<createdTime>2018-11-29 17:48:47 UTC</createdTime>
<generatorID>70670836-FEAA-5B63-D7BF-DD91790DF656</generatorID>
<ownerDesignName>datamodeler29.11</ownerDesignName>
<nullsAllowed>true</nullsAllowed>
<useDomainConstraints>false</useDomainConstraints>
<use>1</use>
<logicalDatatype>LOGDT019</logicalDatatype>
<dataTypePrecision>10</dataTypePrecision>
<ownDataTypeParameters>,10,</ownDataTypeParameters>
<autoIncrementCycle>false</autoIncrementCycle>
</Column>
<Column name="logo" id="8D5EFD62-5F7B-2C4F-56CC-BF9B663B613F">
<createdBy>hovhannes</createdBy>
<createdTime>2018-11-29 17:48:47 UTC</createdTime>
<generatorID>2BAC443E-6094-F499-1471-36734BAA5C4C</generatorID>
<ownerDesignName>datamodeler29.11</ownerDesignName>
<nullsAllowed>true</nullsAllowed>
<useDomainConstraints>false</useDomainConstraints>
<use>1</use>
<logicalDatatype>LOGDT024</logicalDatatype>
<dataTypeSize>50 CHAR</dataTypeSize>
<ownDataTypeParameters>50 CHAR,,</ownDataTypeParameters>
<autoIncrementCycle>false</autoIncrementCycle>
</Column>
<Column name="founded" id="79BE9D75-B619-1AAF-E264-BBB96D4B6548">
<createdBy>hovhannes</createdBy>
<createdTime>2018-11-29 17:48:47 UTC</createdTime>
<generatorID>22F0E48D-0A57-AFA0-0357-9CC530962427</generatorID>
<ownerDesignName>datamodeler29.11</ownerDesignName>
<nullsAllowed>true</nullsAllowed>
<useDomainConstraints>false</useDomainConstraints>
<use>1</use>
<logicalDatatype>LOGDT007</logicalDatatype>
<ownDataTypeParameters>,,</ownDataTypeParameters>
<autoIncrementCycle>false</autoIncrementCycle>
</Column>
<Column name="anthem" id="E6FA7137-438B-F1FE-1651-D574F36FBF50">
<createdBy>hovhannes</createdBy>
<createdTime>2018-11-29 17:48:47 UTC</createdTime>
<generatorID>AD71E2C4-5A49-3E4E-98B4-66EB45010BD9</generatorID>
<ownerDesignName>datamodeler29.11</ownerDesignName>
<nullsAllowed>true</nullsAllowed>
<useDomainConstraints>false</useDomainConstraints>
<use>1</use>
<logicalDatatype>LOGDT024</logicalDatatype>
<dataTypeSize>50 CHAR</dataTypeSize>
<ownDataTypeParameters>50 CHAR,,</ownDataTypeParameters>
<autoIncrementCycle>false</autoIncrementCycle>
</Column>
<Column name="academies_academy_id" id="939AFFF4-9560-5387-4050-AD35B6095BFD">
<createdBy>hovhannes</createdBy>
<createdTime>2018-11-29 17:48:47 UTC</createdTime>
<generatorID>AD0FC0CE-A1F5-9040-0269-AC2F8133072B</generatorID>
<ownerDesignName>datamodeler29.11</ownerDesignName>
<nullsAllowed>true</nullsAllowed>
<useDomainConstraints>false</useDomainConstraints>
<use>1</use>
<logicalDatatype>LOGDT019</logicalDatatype>
<dataTypePrecision>10</dataTypePrecision>
<ownDataTypeParameters>,,</ownDataTypeParameters>
<previousColumn>false</previousColumn>
<autoIncrementCycle>false</autoIncrementCycle>
<associations>
<colAssociation fkAssociation="2288BC0A-DB91-ED56-B149-960770FA7FE3" referredColumn="4B9ADD2F-86C2-87B8-A183-6AE40A579398"/>
</associations>
</Column>
<Column name="leagues_leagues_id" id="8838FC9E-3F4F-5E07-0D8C-A62E2A8456C6">
<createdBy>hovhannes</createdBy>
<createdTime>2018-11-29 17:48:47 UTC</createdTime>
<generatorID>2F2DE287-D76C-BD9A-9747-0E2BC866C3CF</generatorID>
<ownerDesignName>datamodeler29.11</ownerDesignName>
<nullsAllowed>true</nullsAllowed>
<useDomainConstraints>false</useDomainConstraints>
<use>1</use>
<logicalDatatype>LOGDT019</logicalDatatype>
<dataTypePrecision>10</dataTypePrecision>
<ownDataTypeParameters>,,</ownDataTypeParameters>
<previousColumn>false</previousColumn>
<autoIncrementCycle>false</autoIncrementCycle>
<associations>
<colAssociation fkAssociation="588E486F-5A1C-BAE2-60F4-E5AD3F0043F0" referredColumn="304C805A-A2C0-CF23-C626-08975263126D"/>
</associations>
</Column>
<Column name="presidents_employee_id" id="13927A81-B211-DA22-9551-47F78BDDC656">
<createdBy>hovhannes</createdBy>
<createdTime>2018-11-29 17:48:47 UTC</createdTime>
<generatorID>6C51938B-F92C-9C6C-AE46-A128A3A8204F</generatorID>
<ownerDesignName>datamodeler29.11</ownerDesignName>
<nullsAllowed>true</nullsAllowed>
<useDomainConstraints>false</useDomainConstraints>
<use>1</use>
<logicalDatatype>LOGDT019</logicalDatatype>
<dataTypePrecision>10</dataTypePrecision>
<ownDataTypeParameters>,,</ownDataTypeParameters>
<previousColumn>false</previousColumn>
<autoIncrementCycle>false</autoIncrementCycle>
<associations>
<colAssociation fkAssociation="7688DEAD-8149-339E-2CEA-968A67A0997D" referredColumn="71A48520-3DEB-C010-668F-7638F88073D3"/>
</associations>
</Column>
</columns>
<indexes itemClass="oracle.dbtools.crest.model.design.relational.Index">
<ind_PK_UK id="E74A2CCA-2CD7-B563-AA75-9CB0E3254BF5" name="teams_PK">
<createdBy>hovhannes</createdBy>
<createdTime>2018-11-29 17:48:47 UTC</createdTime>
<generatorID>51F1B360-83C4-21B7-C29A-256AFE6BD17B</generatorID>
<ownerDesignName>datamodeler29.11</ownerDesignName>
<pk>true</pk>
<indexState>Primary Constraint</indexState>
<isSurrogateKey>false</isSurrogateKey>
<indexColumnUsage>
<colUsage columnID="6417D305-699F-D352-AFB9-22F4534CDEE0"/>
</indexColumnUsage>
</ind_PK_UK>
<ind_PK_UK id="D15731DF-A9FC-CA94-CBD9-17E66DDBD93D" name="teams__IDX">
<createdBy>hovhannes</createdBy>
<createdTime>2018-11-29 17:48:47 UTC</createdTime>
<ownerDesignName>datamodeler29.11</ownerDesignName>
<indexState>Unique Plain Index</indexState>
<isSurrogateKey>false</isSurrogateKey>
<relationGeneratorID>04A6BDB6-4DF2-C676-89EC-1A9E807E8EE5</relationGeneratorID>
<indexColumnUsage>
<colUsage columnID="13927A81-B211-DA22-9551-47F78BDDC656"/>
</indexColumnUsage>
</ind_PK_UK>
<ind_PK_UK id="62ABA1BB-7850-3F6F-5541-7005689916CC" name="teams__IDXv1">
<createdBy>hovhannes</createdBy>
<createdTime>2018-11-29 17:48:47 UTC</createdTime>
<ownerDesignName>datamodeler29.11</ownerDesignName>
<indexState>Unique Plain Index</indexState>
<isSurrogateKey>false</isSurrogateKey>
<relationGeneratorID>2A20AB44-D429-8573-09FE-4B128DC4D8F5</relationGeneratorID>
<indexColumnUsage>
<colUsage columnID="939AFFF4-9560-5387-4050-AD35B6095BFD"/>
</indexColumnUsage>
</ind_PK_UK>
<ind_PK_UK id="22658094-8135-1162-2C2E-FFFE659F7D17" name="teams_presidents_FK">
<createdBy>hovhannes</createdBy>
<createdTime>2018-11-29 17:48:47 UTC</createdTime>
<generatorID>04A6BDB6-4DF2-C676-89EC-1A9E807E8EE5</generatorID>
<ownerDesignName>datamodeler29.11</ownerDesignName>
<indexState>Foreign Key</indexState>
<isSurrogateKey>false</isSurrogateKey>
<indexColumnUsage>
<colUsage columnID="13927A81-B211-DA22-9551-47F78BDDC656"/>
</indexColumnUsage>
</ind_PK_UK>
<ind_PK_UK id="F51D5CE4-A5E5-7ACD-4532-723765F3391E" name="teams_academies_FK">
<createdBy>hovhannes</createdBy>
<createdTime>2018-11-29 17:48:47 UTC</createdTime>
<generatorID>2A20AB44-D429-8573-09FE-4B128DC4D8F5</generatorID>
<ownerDesignName>datamodeler29.11</ownerDesignName>
<indexState>Foreign Key</indexState>
<isSurrogateKey>false</isSurrogateKey>
<indexColumnUsage>
<colUsage columnID="939AFFF4-9560-5387-4050-AD35B6095BFD"/>
</indexColumnUsage>
</ind_PK_UK>
<ind_PK_UK id="972AA504-2295-0BD1-1B67-66BA894A3969" name="teams_leagues_FK">
<createdBy>hovhannes</createdBy>
<createdTime>2018-11-29 17:48:47 UTC</createdTime>
<generatorID>2DD54C6C-0299-3458-0F2B-AFA57C85E9F3</generatorID>
<ownerDesignName>datamodeler29.11</ownerDesignName>
<indexState>Foreign Key</indexState>
<isSurrogateKey>false</isSurrogateKey>
<indexColumnUsage>
<colUsage columnID="8838FC9E-3F4F-5E07-0D8C-A62E2A8456C6"/>
</indexColumnUsage>
</ind_PK_UK>
</indexes>
</Table>