<?xml version = '1.0' encoding = 'UTF-8'?>
<Table class="oracle.dbtools.crest.model.design.relational.Table" directorySegmentName="seg_0" id="775216EF-1A7F-D6F6-9666-0947D52C0C76" name="teams_tactics">
<createdBy>hovhannes</createdBy>
<createdTime>2018-11-29 17:48:47 UTC</createdTime>
<ownerDesignName>datamodeler29.11</ownerDesignName>
<allowColumnReorder>false</allowColumnReorder>
<existDependencyGenerateInDDl>true</existDependencyGenerateInDDl>
<parsed>true</parsed>
<columns itemClass="oracle.dbtools.crest.model.design.relational.Column">
<Column name="tactics_tactics_id" id="271919AC-D741-D589-95F5-6A27A4643558">
<createdBy>hovhannes</createdBy>
<createdTime>2018-11-29 17:48:47 UTC</createdTime>
<ownerDesignName>datamodeler29.11</ownerDesignName>
<useDomainConstraints>false</useDomainConstraints>
<use>1</use>
<logicalDatatype>LOGDT019</logicalDatatype>
<dataTypePrecision>10</dataTypePrecision>
<ownDataTypeParameters>,,</ownDataTypeParameters>
<previousColumn>false</previousColumn>
<autoIncrementCycle>false</autoIncrementCycle>
<associations>
<colAssociation fkAssociation="2CD68CF0-5A03-8249-2594-A51927A3A0E8" referredColumn="C437A6A7-B370-6AC4-60FB-F3FE0543EAB8"/>
</associations>
</Column>
<Column name="teams_team_id" id="6A47671A-8CF4-9520-A750-C002ED18A982">
<createdBy>hovhannes</createdBy>
<createdTime>2018-11-29 17:48:47 UTC</createdTime>
<ownerDesignName>datamodeler29.11</ownerDesignName>
<useDomainConstraints>false</useDomainConstraints>
<use>1</use>
<logicalDatatype>LOGDT019</logicalDatatype>
<dataTypePrecision>10</dataTypePrecision>
<ownDataTypeParameters>,,</ownDataTypeParameters>
<previousColumn>false</previousColumn>
<autoIncrementCycle>false</autoIncrementCycle>
<associations>
<colAssociation fkAssociation="74035F9B-D047-9A85-0F12-F03B1693143C" referredColumn="6417D305-699F-D352-AFB9-22F4534CDEE0"/>
</associations>
</Column>
</columns>
<indexes itemClass="oracle.dbtools.crest.model.design.relational.Index">
<ind_PK_UK id="A7AD4521-020D-3BBD-B60A-5B071634EFAF" name="teams_tactics_PK">
<createdBy>hovhannes</createdBy>
<createdTime>2018-11-29 17:48:47 UTC</createdTime>
<ownerDesignName>datamodeler29.11</ownerDesignName>
<pk>true</pk>
<indexState>Primary Constraint</indexState>
<isSurrogateKey>false</isSurrogateKey>
<indexColumnUsage>
<colUsage columnID="271919AC-D741-D589-95F5-6A27A4643558"/>
<colUsage columnID="6A47671A-8CF4-9520-A750-C002ED18A982"/>
</indexColumnUsage>
</ind_PK_UK>
<ind_PK_UK id="A4F668FA-4E31-7A40-D382-12893BAF1694" name="teams_tactics_tactics_FK">
<createdBy>hovhannes</createdBy>
<createdTime>2018-11-29 17:48:47 UTC</createdTime>
<generatorID>AFD051DC-9747-3E2B-1ACC-C57A3F95376D</generatorID>
<ownerDesignName>datamodeler29.11</ownerDesignName>
<indexState>Foreign Key</indexState>
<isSurrogateKey>false</isSurrogateKey>
<indexColumnUsage>
<colUsage columnID="271919AC-D741-D589-95F5-6A27A4643558"/>
</indexColumnUsage>
</ind_PK_UK>
<ind_PK_UK id="3236E0F3-98C2-91F1-43D4-7FDCD511A51F" name="teams_tactics_teams_FK">
<createdBy>hovhannes</createdBy>
<createdTime>2018-11-29 17:48:47 UTC</createdTime>
<generatorID>AFD051DC-9747-3E2B-1ACC-C57A3F95376D</generatorID>
<ownerDesignName>datamodeler29.11</ownerDesignName>
<indexState>Foreign Key</indexState>
<isSurrogateKey>false</isSurrogateKey>
<indexColumnUsage>
<colUsage columnID="6A47671A-8CF4-9520-A750-C002ED18A982"/>
</indexColumnUsage>
</ind_PK_UK>
</indexes>
</Table>