<?xml version = '1.0' encoding = 'UTF-8'?>
<Table class="oracle.dbtools.crest.model.design.relational.Table" directorySegmentName="seg_0" id="7D2060C5-4D35-ACAF-6138-46C6F00541B3" name="individual">
<createdBy>hovhannes</createdBy>
<createdTime>2018-11-29 17:48:47 UTC</createdTime>
<generatorID>EBDC144B-BD7C-A512-7B1C-DED4208C6E0B</generatorID>
<ownerDesignName>datamodeler29.11</ownerDesignName>
<allowColumnReorder>false</allowColumnReorder>
<existDependencyGenerateInDDl>true</existDependencyGenerateInDDl>
<parsed>true</parsed>
<columns itemClass="oracle.dbtools.crest.model.design.relational.Column">
<Column name="owner_id" id="47518C44-6B68-63F7-3902-7F0E510223D9">
<createdBy>hovhannes</createdBy>
<createdTime>2018-11-29 17:48:47 UTC</createdTime>
<generatorID>EB06D3BE-F860-2398-6521-7BA69C01C984</generatorID>
<ownerDesignName>datamodeler29.11</ownerDesignName>
<useDomainConstraints>false</useDomainConstraints>
<use>1</use>
<logicalDatatype>LOGDT019</logicalDatatype>
<dataTypePrecision>10</dataTypePrecision>
<ownDataTypeParameters>,,</ownDataTypeParameters>
<autoIncrementCycle>false</autoIncrementCycle>
<associations>
<colAssociation fkAssociation="69DB9666-5FAB-C0D2-65C6-35CC147F0437" referredColumn="592E8866-B59C-EBF3-8962-E929624236B8"/>
</associations>
</Column>
<Column name="ind_id" id="3E8FD815-494A-1CAD-01FD-1A7A8B120A0A">
<createdBy>hovhannes</createdBy>
<createdTime>2018-11-29 17:48:47 UTC</createdTime>
<generatorID>6D8CC0C1-0372-BF7F-5D17-CE9C0439F63A</generatorID>
<ownerDesignName>datamodeler29.11</ownerDesignName>
<use>0</use>
<logicalDatatype>LOGDT019</logicalDatatype>
<domain>CE85BCD5-CC14-DA3E-9590-FC2338E93FBF</domain>
<ownDataTypeParameters>,,</ownDataTypeParameters>
<autoIncrementCycle>false</autoIncrementCycle>
</Column>
<Column name="f_name" id="9B0CF860-1768-8487-0690-4F5FC796CF55">
<createdBy>hovhannes</createdBy>
<createdTime>2018-11-29 17:48:47 UTC</createdTime>
<generatorID>BB2639D6-344C-A9CC-110A-D5CE75B2541A</generatorID>
<ownerDesignName>datamodeler29.11</ownerDesignName>
<nullsAllowed>true</nullsAllowed>
<useDomainConstraints>false</useDomainConstraints>
<use>1</use>
<logicalDatatype>LOGDT024</logicalDatatype>
<dataTypeSize>30 CHAR</dataTypeSize>
<ownDataTypeParameters>30 CHAR,,</ownDataTypeParameters>
<autoIncrementCycle>false</autoIncrementCycle>
</Column>
<Column name="l_name" id="BD22F4A2-062C-EAD7-C9F1-4FEF6232F64C">
<createdBy>hovhannes</createdBy>
<createdTime>2018-11-29 17:48:47 UTC</createdTime>
<generatorID>0C789C2B-8162-DC51-4FF3-610EA3EFA9AA</generatorID>
<ownerDesignName>datamodeler29.11</ownerDesignName>
<nullsAllowed>true</nullsAllowed>
<useDomainConstraints>false</useDomainConstraints>
<use>1</use>
<logicalDatatype>LOGDT024</logicalDatatype>
<dataTypeSize>30 CHAR</dataTypeSize>
<ownDataTypeParameters>30 CHAR,,</ownDataTypeParameters>
<autoIncrementCycle>false</autoIncrementCycle>
</Column>
</columns>
<indexes itemClass="oracle.dbtools.crest.model.design.relational.Index">
<ind_PK_UK id="BCA10D4E-290A-E8C3-4D77-3081095221D8" name="individual_PK">
<createdBy>hovhannes</createdBy>
<createdTime>2018-11-29 17:48:47 UTC</createdTime>
<generatorID>A0853C09-5640-3580-C392-D2975C647009</generatorID>
<ownerDesignName>datamodeler29.11</ownerDesignName>
<pk>true</pk>
<indexState>Primary Constraint</indexState>
<isSurrogateKey>false</isSurrogateKey>
<indexColumnUsage>
<colUsage columnID="47518C44-6B68-63F7-3902-7F0E510223D9"/>
</indexColumnUsage>
</ind_PK_UK>
<ind_PK_UK id="27DFE3E0-9532-1F4B-BA58-F6DD83D21FC5" name="individual_PKv1">
<createdBy>hovhannes</createdBy>
<createdTime>2018-11-29 17:48:47 UTC</createdTime>
<generatorID>E28A3E96-26E0-32C3-D4B4-44496057E539</generatorID>
<ownerDesignName>datamodeler29.11</ownerDesignName>
<indexState>Unique Constraint</indexState>
<isSurrogateKey>false</isSurrogateKey>
<indexColumnUsage>
<colUsage columnID="3E8FD815-494A-1CAD-01FD-1A7A8B120A0A"/>
</indexColumnUsage>
</ind_PK_UK>
<ind_PK_UK id="EBFDDBA6-509A-8B5F-4CCC-0B5FBA4F77F2" name="individual_owners_FK">
<createdBy>hovhannes</createdBy>
<createdTime>2018-11-29 17:48:47 UTC</createdTime>
<generatorID>29060B41-9C9D-514F-5F60-9582CE8F59F3</generatorID>
<ownerDesignName>datamodeler29.11</ownerDesignName>
<indexState>Foreign Key</indexState>
<isSurrogateKey>false</isSurrogateKey>
<indexColumnUsage>
<colUsage columnID="47518C44-6B68-63F7-3902-7F0E510223D9"/>
</indexColumnUsage>
</ind_PK_UK>
</indexes>
</Table>