<?xml version = '1.0' encoding = 'UTF-8'?>
<Table class="oracle.dbtools.crest.model.design.relational.Table" directorySegmentName="seg_0" id="7EFE3EBB-5B8B-C4CE-6F5E-B2D7C595A8FE" name="leagues_tvs">
<createdBy>hovhannes</createdBy>
<createdTime>2018-11-29 17:48:47 UTC</createdTime>
<ownerDesignName>datamodeler29.11</ownerDesignName>
<allowColumnReorder>false</allowColumnReorder>
<existDependencyGenerateInDDl>true</existDependencyGenerateInDDl>
<parsed>true</parsed>
<columns itemClass="oracle.dbtools.crest.model.design.relational.Column">
<Column name="leagues_leagues_id" id="B09D661A-E690-6EE4-6285-0549EEF9E4F8">
<createdBy>hovhannes</createdBy>
<createdTime>2018-11-29 17:48:47 UTC</createdTime>
<ownerDesignName>datamodeler29.11</ownerDesignName>
<useDomainConstraints>false</useDomainConstraints>
<use>1</use>
<logicalDatatype>LOGDT019</logicalDatatype>
<dataTypePrecision>10</dataTypePrecision>
<ownDataTypeParameters>,,</ownDataTypeParameters>
<previousColumn>false</previousColumn>
<autoIncrementCycle>false</autoIncrementCycle>
<associations>
<colAssociation fkAssociation="7074747E-63BF-C5B3-753D-E34F594FB6E4" referredColumn="304C805A-A2C0-CF23-C626-08975263126D"/>
</associations>
</Column>
<Column name="tvs_tv_id" id="DDE23517-F59F-7845-6F78-50A4A86A2160">
<createdBy>hovhannes</createdBy>
<createdTime>2018-11-29 17:48:47 UTC</createdTime>
<ownerDesignName>datamodeler29.11</ownerDesignName>
<useDomainConstraints>false</useDomainConstraints>
<use>1</use>
<logicalDatatype>LOGDT019</logicalDatatype>
<dataTypePrecision>10</dataTypePrecision>
<ownDataTypeParameters>,,</ownDataTypeParameters>
<previousColumn>false</previousColumn>
<autoIncrementCycle>false</autoIncrementCycle>
<associations>
<colAssociation fkAssociation="429F1201-B966-96EC-2DF4-C8318A123170" referredColumn="51FF164B-5540-3FB4-E693-04A6B370B2F6"/>
</associations>
</Column>
<Column name="contract_date" id="0AD346B0-2ACF-462C-304B-E02464ECC23D">
<createdBy>hovhannes</createdBy>
<createdTime>2018-11-29 17:48:47 UTC</createdTime>
<generatorID>534CE14C-C773-8E99-9682-A498B58C92D1</generatorID>
<ownerDesignName>datamodeler29.11</ownerDesignName>
<nullsAllowed>true</nullsAllowed>
<useDomainConstraints>false</useDomainConstraints>
<use>1</use>
<logicalDatatype>LOGDT007</logicalDatatype>
<ownDataTypeParameters>,,</ownDataTypeParameters>
<autoIncrementCycle>false</autoIncrementCycle>
<isRelationshipColumn>true</isRelationshipColumn>
</Column>
<Column name="contract_type" id="FC465773-9206-F142-2B3A-873DEA09C8F3">
<createdBy>hovhannes</createdBy>
<createdTime>2018-11-29 17:48:47 UTC</createdTime>
<generatorID>1B33BB15-5F07-9CE8-4029-A74CBF62314F</generatorID>
<ownerDesignName>datamodeler29.11</ownerDesignName>
<nullsAllowed>true</nullsAllowed>
<useDomainConstraints>false</useDomainConstraints>
<use>1</use>
<logicalDatatype>LOGDT024</logicalDatatype>
<dataTypeSize>50 CHAR</dataTypeSize>
<ownDataTypeParameters>50 CHAR,,</ownDataTypeParameters>
<autoIncrementCycle>false</autoIncrementCycle>
<isRelationshipColumn>true</isRelationshipColumn>
</Column>
</columns>
<indexes itemClass="oracle.dbtools.crest.model.design.relational.Index">
<ind_PK_UK id="D26FC647-A271-9A05-457C-2CD8976B6EEB" name="leagues_tvs_PK">
<createdBy>hovhannes</createdBy>
<createdTime>2018-11-29 17:48:47 UTC</createdTime>
<ownerDesignName>datamodeler29.11</ownerDesignName>
<pk>true</pk>
<indexState>Primary Constraint</indexState>
<isSurrogateKey>false</isSurrogateKey>
<indexColumnUsage>
<colUsage columnID="B09D661A-E690-6EE4-6285-0549EEF9E4F8"/>
<colUsage columnID="DDE23517-F59F-7845-6F78-50A4A86A2160"/>
</indexColumnUsage>
</ind_PK_UK>
<ind_PK_UK id="C3CA562E-0777-BB63-E3DC-DD46B377161B" name="leagues_tvs_leagues_FK">
<createdBy>hovhannes</createdBy>
<createdTime>2018-11-29 17:48:47 UTC</createdTime>
<generatorID>4B1F20EB-C49D-C335-8954-831DCEE45C79</generatorID>
<ownerDesignName>datamodeler29.11</ownerDesignName>
<indexState>Foreign Key</indexState>
<isSurrogateKey>false</isSurrogateKey>
<indexColumnUsage>
<colUsage columnID="B09D661A-E690-6EE4-6285-0549EEF9E4F8"/>
</indexColumnUsage>
</ind_PK_UK>
<ind_PK_UK id="25F52300-E097-8F79-F79F-EE4E25F68944" name="leagues_tvs_tvs_FK">
<createdBy>hovhannes</createdBy>
<createdTime>2018-11-29 17:48:47 UTC</createdTime>
<generatorID>4B1F20EB-C49D-C335-8954-831DCEE45C79</generatorID>
<ownerDesignName>datamodeler29.11</ownerDesignName>
<indexState>Foreign Key</indexState>
<isSurrogateKey>false</isSurrogateKey>
<indexColumnUsage>
<colUsage columnID="DDE23517-F59F-7845-6F78-50A4A86A2160"/>
</indexColumnUsage>
</ind_PK_UK>
</indexes>
</Table>