<?xml version = '1.0' encoding = 'UTF-8'?>
<Table class="oracle.dbtools.crest.model.design.relational.Table" directorySegmentName="seg_0" id="8DCF1904-21F1-E749-8889-F590B2914CA0" name="players_sponsors">
<createdBy>hovhannes</createdBy>
<createdTime>2018-11-29 17:48:47 UTC</createdTime>
<ownerDesignName>datamodeler29.11</ownerDesignName>
<allowColumnReorder>false</allowColumnReorder>
<existDependencyGenerateInDDl>true</existDependencyGenerateInDDl>
<parsed>true</parsed>
<columns itemClass="oracle.dbtools.crest.model.design.relational.Column">
<Column name="players_employee_id" id="39CD9497-36D4-04DE-7D10-C28EFA99A217">
<createdBy>hovhannes</createdBy>
<createdTime>2018-11-29 17:48:47 UTC</createdTime>
<ownerDesignName>datamodeler29.11</ownerDesignName>
<useDomainConstraints>false</useDomainConstraints>
<use>1</use>
<logicalDatatype>LOGDT019</logicalDatatype>
<dataTypePrecision>10</dataTypePrecision>
<ownDataTypeParameters>,,</ownDataTypeParameters>
<previousColumn>false</previousColumn>
<autoIncrementCycle>false</autoIncrementCycle>
<associations>
<colAssociation fkAssociation="06FAF9F3-FA8D-B9E6-6661-2B9B3B3857A9" referredColumn="A4911325-B0BC-A6ED-2D1D-B4AC876C3635"/>
</associations>
</Column>
<Column name="sponsors_sponsor_id" id="E6874911-50B9-1B9A-48FB-DF9903D0EFE7">
<createdBy>hovhannes</createdBy>
<createdTime>2018-11-29 17:48:47 UTC</createdTime>
<ownerDesignName>datamodeler29.11</ownerDesignName>
<useDomainConstraints>false</useDomainConstraints>
<use>1</use>
<logicalDatatype>LOGDT019</logicalDatatype>
<dataTypePrecision>10</dataTypePrecision>
<ownDataTypeParameters>,,</ownDataTypeParameters>
<previousColumn>false</previousColumn>
<autoIncrementCycle>false</autoIncrementCycle>
<associations>
<colAssociation fkAssociation="A208A34E-B497-32B1-1E7F-0E37ED855663" referredColumn="859425F5-4AC5-C484-C905-7E8CF47A1F7D"/>
</associations>
</Column>
<Column name="end_date" id="0FD149FD-7086-2BB0-C212-FEDB95BE2F49">
<createdBy>hovhannes</createdBy>
<createdTime>2018-11-29 17:48:47 UTC</createdTime>
<generatorID>C536A18F-B10D-5D4C-5836-A59C46753886</generatorID>
<ownerDesignName>datamodeler29.11</ownerDesignName>
<nullsAllowed>true</nullsAllowed>
<useDomainConstraints>false</useDomainConstraints>
<use>1</use>
<logicalDatatype>LOGDT007</logicalDatatype>
<ownDataTypeParameters>,,</ownDataTypeParameters>
<autoIncrementCycle>false</autoIncrementCycle>
<isRelationshipColumn>true</isRelationshipColumn>
</Column>
<Column name="start_date" id="3E4A6E6E-B519-1111-8843-19984C757798">
<createdBy>hovhannes</createdBy>
<createdTime>2018-11-29 17:48:47 UTC</createdTime>
<generatorID>3D7FA27B-6BCC-9255-82E8-1D0F6419851F</generatorID>
<ownerDesignName>datamodeler29.11</ownerDesignName>
<nullsAllowed>true</nullsAllowed>
<useDomainConstraints>false</useDomainConstraints>
<use>1</use>
<logicalDatatype>LOGDT007</logicalDatatype>
<ownDataTypeParameters>,,</ownDataTypeParameters>
<autoIncrementCycle>false</autoIncrementCycle>
<isRelationshipColumn>true</isRelationshipColumn>
</Column>
</columns>
<indexes itemClass="oracle.dbtools.crest.model.design.relational.Index">
<ind_PK_UK id="668C3A13-325D-0F8B-FD5B-DCFDFBE345C5" name="players_sponsors_PK">
<createdBy>hovhannes</createdBy>
<createdTime>2018-11-29 17:48:47 UTC</createdTime>
<ownerDesignName>datamodeler29.11</ownerDesignName>
<pk>true</pk>
<indexState>Primary Constraint</indexState>
<isSurrogateKey>false</isSurrogateKey>
<indexColumnUsage>
<colUsage columnID="39CD9497-36D4-04DE-7D10-C28EFA99A217"/>
<colUsage columnID="E6874911-50B9-1B9A-48FB-DF9903D0EFE7"/>
</indexColumnUsage>
</ind_PK_UK>
<ind_PK_UK id="D51DEF29-CA30-6182-E487-E11D03915E00" name="players_sponsors_players_FK">
<createdBy>hovhannes</createdBy>
<createdTime>2018-11-29 17:48:47 UTC</createdTime>
<generatorID>B5FE46CD-435F-F465-A13B-FC899ADE2443</generatorID>
<ownerDesignName>datamodeler29.11</ownerDesignName>
<indexState>Foreign Key</indexState>
<isSurrogateKey>false</isSurrogateKey>
<indexColumnUsage>
<colUsage columnID="39CD9497-36D4-04DE-7D10-C28EFA99A217"/>
</indexColumnUsage>
</ind_PK_UK>
<ind_PK_UK id="976D91DD-3F16-75D2-1743-5199412B227B" name="players_sponsors_sponsors_FK">
<createdBy>hovhannes</createdBy>
<createdTime>2018-11-29 17:48:47 UTC</createdTime>
<generatorID>B5FE46CD-435F-F465-A13B-FC899ADE2443</generatorID>
<ownerDesignName>datamodeler29.11</ownerDesignName>
<indexState>Foreign Key</indexState>
<isSurrogateKey>false</isSurrogateKey>
<indexColumnUsage>
<colUsage columnID="E6874911-50B9-1B9A-48FB-DF9903D0EFE7"/>
</indexColumnUsage>
</ind_PK_UK>
</indexes>
</Table>