<?xml version = '1.0' encoding = 'UTF-8'?>
<Table class="oracle.dbtools.crest.model.design.relational.Table" directorySegmentName="seg_0" id="9745DDAE-EF15-58C2-BD85-FAA0B641A5A8" name="legal_entity">
<createdBy>hovhannes</createdBy>
<createdTime>2018-11-29 17:48:47 UTC</createdTime>
<generatorID>DDCCAA4F-591D-917A-42F1-6B4168CA3DD2</generatorID>
<ownerDesignName>datamodeler29.11</ownerDesignName>
<allowColumnReorder>false</allowColumnReorder>
<existDependencyGenerateInDDl>true</existDependencyGenerateInDDl>
<parsed>true</parsed>
<columns itemClass="oracle.dbtools.crest.model.design.relational.Column">
<Column name="owner_id" id="3E5F3793-80FD-1FE9-522A-AC171A0B98C6">
<createdBy>hovhannes</createdBy>
<createdTime>2018-11-29 17:48:47 UTC</createdTime>
<generatorID>EB06D3BE-F860-2398-6521-7BA69C01C984</generatorID>
<ownerDesignName>datamodeler29.11</ownerDesignName>
<useDomainConstraints>false</useDomainConstraints>
<use>1</use>
<logicalDatatype>LOGDT019</logicalDatatype>
<dataTypePrecision>10</dataTypePrecision>
<ownDataTypeParameters>,,</ownDataTypeParameters>
<autoIncrementCycle>false</autoIncrementCycle>
<associations>
<colAssociation fkAssociation="14435402-AED6-B0E3-254E-DBF04D7AF7C3" referredColumn="592E8866-B59C-EBF3-8962-E929624236B8"/>
</associations>
</Column>
<Column name="leg_ent_id" id="EE4692B3-EC0C-1AA7-4676-DE18BA2A9E3C">
<createdBy>hovhannes</createdBy>
<createdTime>2018-11-29 17:48:47 UTC</createdTime>
<generatorID>4EBC21DA-50FC-6931-2E15-94B46963A073</generatorID>
<ownerDesignName>datamodeler29.11</ownerDesignName>
<use>0</use>
<logicalDatatype>LOGDT019</logicalDatatype>
<domain>CE85BCD5-CC14-DA3E-9590-FC2338E93FBF</domain>
<ownDataTypeParameters>,,</ownDataTypeParameters>
<autoIncrementCycle>false</autoIncrementCycle>
</Column>
<Column name="ident_number" id="39ED9084-17CF-2769-775C-9193DC315BF0">
<createdBy>hovhannes</createdBy>
<createdTime>2018-11-29 17:48:47 UTC</createdTime>
<generatorID>F00AD68D-8630-F441-3759-8F965F67655C</generatorID>
<ownerDesignName>datamodeler29.11</ownerDesignName>
<nullsAllowed>true</nullsAllowed>
<use>0</use>
<logicalDatatype>LOGDT019</logicalDatatype>
<domain>CE85BCD5-CC14-DA3E-9590-FC2338E93FBF</domain>
<ownDataTypeParameters>,,</ownDataTypeParameters>
<autoIncrementCycle>false</autoIncrementCycle>
</Column>
<Column name="com_name" id="2B542C7E-C776-2D0E-F2BE-7ED093D7181B">
<createdBy>hovhannes</createdBy>
<createdTime>2018-11-29 17:48:47 UTC</createdTime>
<generatorID>90F4E6EE-FF94-D33E-5442-D0894D2F0BA2</generatorID>
<ownerDesignName>datamodeler29.11</ownerDesignName>
<nullsAllowed>true</nullsAllowed>
<useDomainConstraints>false</useDomainConstraints>
<use>1</use>
<logicalDatatype>LOGDT024</logicalDatatype>
<dataTypeSize>30 CHAR</dataTypeSize>
<ownDataTypeParameters>30 CHAR,,</ownDataTypeParameters>
<autoIncrementCycle>false</autoIncrementCycle>
</Column>
<Column name="stock_name" id="F04B8125-1BFE-1079-63D6-DD1C3EA24661">
<createdBy>hovhannes</createdBy>
<createdTime>2018-11-29 17:48:47 UTC</createdTime>
<generatorID>AE260E6D-D73B-3F35-73FA-2ABAC59687E2</generatorID>
<ownerDesignName>datamodeler29.11</ownerDesignName>
<nullsAllowed>true</nullsAllowed>
<use>0</use>
<logicalDatatype>LOGDT024</logicalDatatype>
<domain>E10886BC-C3FA-7C04-F5BA-BC310095F4A9</domain>
<ownDataTypeParameters>,,</ownDataTypeParameters>
<autoIncrementCycle>false</autoIncrementCycle>
</Column>
</columns>
<indexes itemClass="oracle.dbtools.crest.model.design.relational.Index">
<ind_PK_UK id="2E0BEB6F-5511-DFF5-CFF3-F3781616AAC6" name="legal_entity_PK">
<createdBy>hovhannes</createdBy>
<createdTime>2018-11-29 17:48:47 UTC</createdTime>
<generatorID>A0853C09-5640-3580-C392-D2975C647009</generatorID>
<ownerDesignName>datamodeler29.11</ownerDesignName>
<pk>true</pk>
<indexState>Primary Constraint</indexState>
<isSurrogateKey>false</isSurrogateKey>
<indexColumnUsage>
<colUsage columnID="3E5F3793-80FD-1FE9-522A-AC171A0B98C6"/>
</indexColumnUsage>
</ind_PK_UK>
<ind_PK_UK id="7FC670A3-2957-6CE1-D60E-26C002A45D2F" name="legal_entity_PKv1">
<createdBy>hovhannes</createdBy>
<createdTime>2018-11-29 17:48:47 UTC</createdTime>
<generatorID>D1FDF1FE-CC6A-AC0B-5E2A-05C4BC55FCAD</generatorID>
<ownerDesignName>datamodeler29.11</ownerDesignName>
<indexState>Unique Constraint</indexState>
<isSurrogateKey>false</isSurrogateKey>
<indexColumnUsage>
<colUsage columnID="EE4692B3-EC0C-1AA7-4676-DE18BA2A9E3C"/>
</indexColumnUsage>
</ind_PK_UK>
<ind_PK_UK id="43064C93-1F73-B41D-AD99-BC52556996F6" name="legal_entity_owners_FK">
<createdBy>hovhannes</createdBy>
<createdTime>2018-11-29 17:48:47 UTC</createdTime>
<generatorID>56FD68AC-9406-B88A-4AE7-9AF27AE5C1B4</generatorID>
<ownerDesignName>datamodeler29.11</ownerDesignName>
<indexState>Foreign Key</indexState>
<isSurrogateKey>false</isSurrogateKey>
<indexColumnUsage>
<colUsage columnID="3E5F3793-80FD-1FE9-522A-AC171A0B98C6"/>
</indexColumnUsage>
</ind_PK_UK>
</indexes>
</Table>