<?xml version = '1.0' encoding = 'UTF-8'?>
<Table class="oracle.dbtools.crest.model.design.relational.Table" directorySegmentName="seg_0" id="98560769-1957-50BF-828D-9800130CD172" name="teams_owners">
<createdBy>hovhannes</createdBy>
<createdTime>2018-11-29 17:48:47 UTC</createdTime>
<ownerDesignName>datamodeler29.11</ownerDesignName>
<allowColumnReorder>false</allowColumnReorder>
<existDependencyGenerateInDDl>true</existDependencyGenerateInDDl>
<parsed>true</parsed>
<columns itemClass="oracle.dbtools.crest.model.design.relational.Column">
<Column name="teams_team_id" id="1B83726E-D9BA-7E22-3E63-44BECD07D7C2">
<createdBy>hovhannes</createdBy>
<createdTime>2018-11-29 17:48:47 UTC</createdTime>
<ownerDesignName>datamodeler29.11</ownerDesignName>
<useDomainConstraints>false</useDomainConstraints>
<use>1</use>
<logicalDatatype>LOGDT019</logicalDatatype>
<dataTypePrecision>10</dataTypePrecision>
<ownDataTypeParameters>,,</ownDataTypeParameters>
<previousColumn>false</previousColumn>
<autoIncrementCycle>false</autoIncrementCycle>
<associations>
<colAssociation fkAssociation="0E0B2560-A84B-E06D-BF93-4BA88EFC154A" referredColumn="6417D305-699F-D352-AFB9-22F4534CDEE0"/>
</associations>
</Column>
<Column name="owners_owner_id" id="09DD26D0-7494-AE18-F37F-45162F08F3ED">
<createdBy>hovhannes</createdBy>
<createdTime>2018-11-29 17:48:47 UTC</createdTime>
<ownerDesignName>datamodeler29.11</ownerDesignName>
<useDomainConstraints>false</useDomainConstraints>
<use>1</use>
<logicalDatatype>LOGDT019</logicalDatatype>
<dataTypePrecision>10</dataTypePrecision>
<ownDataTypeParameters>,,</ownDataTypeParameters>
<previousColumn>false</previousColumn>
<autoIncrementCycle>false</autoIncrementCycle>
<associations>
<colAssociation fkAssociation="4DA125DD-FDEC-D0EB-2F50-F9FA092892EA" referredColumn="592E8866-B59C-EBF3-8962-E929624236B8"/>
</associations>
</Column>
</columns>
<indexes itemClass="oracle.dbtools.crest.model.design.relational.Index">
<ind_PK_UK id="B30E1B75-1CF4-FD99-1496-440BF174472F" name="teams_owners_PK">
<createdBy>hovhannes</createdBy>
<createdTime>2018-11-29 17:48:47 UTC</createdTime>
<ownerDesignName>datamodeler29.11</ownerDesignName>
<pk>true</pk>
<indexState>Primary Constraint</indexState>
<isSurrogateKey>false</isSurrogateKey>
<indexColumnUsage>
<colUsage columnID="1B83726E-D9BA-7E22-3E63-44BECD07D7C2"/>
<colUsage columnID="09DD26D0-7494-AE18-F37F-45162F08F3ED"/>
</indexColumnUsage>
</ind_PK_UK>
<ind_PK_UK id="6E6EF407-509A-9A8D-24B9-4923CEA8BFD3" name="teams_owners_teams_FK">
<createdBy>hovhannes</createdBy>
<createdTime>2018-11-29 17:48:47 UTC</createdTime>
<generatorID>0EE134BE-9213-8A08-2C37-3810D53A14E9</generatorID>
<ownerDesignName>datamodeler29.11</ownerDesignName>
<indexState>Foreign Key</indexState>
<isSurrogateKey>false</isSurrogateKey>
<indexColumnUsage>
<colUsage columnID="1B83726E-D9BA-7E22-3E63-44BECD07D7C2"/>
</indexColumnUsage>
</ind_PK_UK>
<ind_PK_UK id="ADEEE90B-08F4-E033-06A3-D2DDA2FE9C21" name="teams_owners_owners_FK">
<createdBy>hovhannes</createdBy>
<createdTime>2018-11-29 17:48:47 UTC</createdTime>
<generatorID>0EE134BE-9213-8A08-2C37-3810D53A14E9</generatorID>
<ownerDesignName>datamodeler29.11</ownerDesignName>
<indexState>Foreign Key</indexState>
<isSurrogateKey>false</isSurrogateKey>
<indexColumnUsage>
<colUsage columnID="09DD26D0-7494-AE18-F37F-45162F08F3ED"/>
</indexColumnUsage>
</ind_PK_UK>
</indexes>
</Table>