<?xml version = '1.0' encoding = 'UTF-8'?>
<Table class="oracle.dbtools.crest.model.design.relational.Table" directorySegmentName="seg_0" id="B38A6C4C-0EFE-AA7E-C5B7-72260C88781D" name="fan_clubs">
<createdBy>hovhannes</createdBy>
<createdTime>2018-11-29 17:48:47 UTC</createdTime>
<generatorID>782772BF-7A0C-A9CC-2CE2-79DF340AF125</generatorID>
<ownerDesignName>datamodeler29.11</ownerDesignName>
<allowColumnReorder>false</allowColumnReorder>
<existDependencyGenerateInDDl>true</existDependencyGenerateInDDl>
<parsed>true</parsed>
<columns itemClass="oracle.dbtools.crest.model.design.relational.Column">
<Column name="fan_club_id" id="2C84D841-AC86-E5CE-B59C-DDAEA539E199">
<createdBy>hovhannes</createdBy>
<createdTime>2018-11-29 17:48:47 UTC</createdTime>
<generatorID>05E14123-623E-10AB-7CF7-26E885DA90E7</generatorID>
<ownerDesignName>datamodeler29.11</ownerDesignName>
<useDomainConstraints>false</useDomainConstraints>
<use>1</use>
<logicalDatatype>LOGDT019</logicalDatatype>
<dataTypePrecision>10</dataTypePrecision>
<ownDataTypeParameters>,10,</ownDataTypeParameters>
<autoIncrementCycle>false</autoIncrementCycle>
</Column>
<Column name="website" id="F90C93FD-7E26-C9C5-9B22-272B1F2E90D2">
<createdBy>hovhannes</createdBy>
<createdTime>2018-11-29 17:48:47 UTC</createdTime>
<generatorID>3CA1CF61-F752-980C-FA36-13B3D1FB4C01</generatorID>
<ownerDesignName>datamodeler29.11</ownerDesignName>
<nullsAllowed>true</nullsAllowed>
<useDomainConstraints>false</useDomainConstraints>
<use>1</use>
<logicalDatatype>LOGDT024</logicalDatatype>
<dataTypeSize>50 CHAR</dataTypeSize>
<ownDataTypeParameters>50 CHAR,,</ownDataTypeParameters>
<autoIncrementCycle>false</autoIncrementCycle>
</Column>
<Column name="song" id="AECC6E27-F854-6C31-DACC-C10EB13D1073">
<createdBy>hovhannes</createdBy>
<createdTime>2018-11-29 17:48:47 UTC</createdTime>
<generatorID>2593BBC9-BBC4-878C-F7D5-70811E2747DC</generatorID>
<ownerDesignName>datamodeler29.11</ownerDesignName>
<nullsAllowed>true</nullsAllowed>
<useDomainConstraints>false</useDomainConstraints>
<use>1</use>
<logicalDatatype>LOGDT024</logicalDatatype>
<dataTypeSize>50 CHAR</dataTypeSize>
<ownDataTypeParameters>50 CHAR,,</ownDataTypeParameters>
<autoIncrementCycle>false</autoIncrementCycle>
</Column>
<Column name="country" id="A5A16530-6A73-850B-8643-D600C93420E6">
<createdBy>hovhannes</createdBy>
<createdTime>2018-11-29 17:48:47 UTC</createdTime>
<generatorID>517821F0-189F-68E8-422E-5881D3BF65F7</generatorID>
<ownerDesignName>datamodeler29.11</ownerDesignName>
<nullsAllowed>true</nullsAllowed>
<useDomainConstraints>false</useDomainConstraints>
<use>1</use>
<logicalDatatype>LOGDT024</logicalDatatype>
<dataTypeSize>50 CHAR</dataTypeSize>
<ownDataTypeParameters>50 CHAR,,</ownDataTypeParameters>
<autoIncrementCycle>false</autoIncrementCycle>
</Column>
<Column name="members" id="CEB20880-5EF4-57FF-23EE-A5F7179C3D8B">
<createdBy>hovhannes</createdBy>
<createdTime>2018-11-29 17:48:47 UTC</createdTime>
<generatorID>38FCC952-AEBC-00F6-7C2E-B3B7FED9D243</generatorID>
<ownerDesignName>datamodeler29.11</ownerDesignName>
<nullsAllowed>true</nullsAllowed>
<useDomainConstraints>false</useDomainConstraints>
<use>1</use>
<logicalDatatype>LOGDT019</logicalDatatype>
<dataTypePrecision>10</dataTypePrecision>
<ownDataTypeParameters>,10,</ownDataTypeParameters>
<autoIncrementCycle>false</autoIncrementCycle>
</Column>
<Column name="emblem" id="B5462D15-FD5F-56E4-CA29-9F7940B04EA2">
<createdBy>hovhannes</createdBy>
<createdTime>2018-11-29 17:48:47 UTC</createdTime>
<generatorID>FC7F6964-E1F4-2293-74E7-45D9EB4B046E</generatorID>
<ownerDesignName>datamodeler29.11</ownerDesignName>
<nullsAllowed>true</nullsAllowed>
<useDomainConstraints>false</useDomainConstraints>
<use>1</use>
<logicalDatatype>LOGDT024</logicalDatatype>
<dataTypeSize>50 CHAR</dataTypeSize>
<ownDataTypeParameters>50 CHAR,,</ownDataTypeParameters>
<autoIncrementCycle>false</autoIncrementCycle>
</Column>
<Column name="telephone" id="AE8D3188-AD4D-23F9-40E0-05D101B95719">
<createdBy>hovhannes</createdBy>
<createdTime>2018-11-29 17:48:47 UTC</createdTime>
<generatorID>60F6A790-4EFE-671C-2025-68BB3AA22461</generatorID>
<ownerDesignName>datamodeler29.11</ownerDesignName>
<nullsAllowed>true</nullsAllowed>
<useDomainConstraints>false</useDomainConstraints>
<use>1</use>
<logicalDatatype>LOGDT019</logicalDatatype>
<dataTypePrecision>10</dataTypePrecision>
<ownDataTypeParameters>,10,</ownDataTypeParameters>
<autoIncrementCycle>false</autoIncrementCycle>
</Column>
<Column name="secretary" id="B9DF42E5-E82D-EC9E-ECB9-2FAAA5CA2D0C">
<createdBy>hovhannes</createdBy>
<createdTime>2018-11-29 17:48:47 UTC</createdTime>
<generatorID>8E608C8B-7BE6-29C8-5B87-96476EFC18B4</generatorID>
<ownerDesignName>datamodeler29.11</ownerDesignName>
<nullsAllowed>true</nullsAllowed>
<useDomainConstraints>false</useDomainConstraints>
<use>1</use>
<logicalDatatype>LOGDT024</logicalDatatype>
<dataTypeSize>50 CHAR</dataTypeSize>
<ownDataTypeParameters>50 CHAR,,</ownDataTypeParameters>
<autoIncrementCycle>false</autoIncrementCycle>
</Column>
<Column name="teams_team_id" id="02BB497F-3D32-EF89-07CC-D5F38A1B6E41">
<createdBy>hovhannes</createdBy>
<createdTime>2018-11-29 17:48:47 UTC</createdTime>
<generatorID>FD3B5176-E8BF-B083-503F-75CB1B65A451</generatorID>
<ownerDesignName>datamodeler29.11</ownerDesignName>
<useDomainConstraints>false</useDomainConstraints>
<use>1</use>
<logicalDatatype>LOGDT019</logicalDatatype>
<dataTypePrecision>10</dataTypePrecision>
<ownDataTypeParameters>,,</ownDataTypeParameters>
<previousColumn>false</previousColumn>
<autoIncrementCycle>false</autoIncrementCycle>
<associations>
<colAssociation fkAssociation="601BBB2E-AF33-092F-9CC1-116AEFC42C27" referredColumn="6417D305-699F-D352-AFB9-22F4534CDEE0"/>
</associations>
</Column>
</columns>
<indexes itemClass="oracle.dbtools.crest.model.design.relational.Index">
<ind_PK_UK id="190C13B7-F549-B1BA-D374-C88955F97D2E" name="fan_clubs_PK">
<createdBy>hovhannes</createdBy>
<createdTime>2018-11-29 17:48:47 UTC</createdTime>
<generatorID>DF4CDFF9-978A-BEFA-DAA7-D02699BD5E4A</generatorID>
<ownerDesignName>datamodeler29.11</ownerDesignName>
<pk>true</pk>
<indexState>Primary Constraint</indexState>
<isSurrogateKey>false</isSurrogateKey>
<indexColumnUsage>
<colUsage columnID="2C84D841-AC86-E5CE-B59C-DDAEA539E199"/>
</indexColumnUsage>
</ind_PK_UK>
<ind_PK_UK id="07A3B7A8-0E8D-E1F9-1AD0-6C5E3F6757F6" name="fan_clubs_teams_FK">
<createdBy>hovhannes</createdBy>
<createdTime>2018-11-29 17:48:47 UTC</createdTime>
<generatorID>D5722232-3C29-9311-973C-CDCB01D8D75F</generatorID>
<ownerDesignName>datamodeler29.11</ownerDesignName>
<indexState>Foreign Key</indexState>
<isSurrogateKey>false</isSurrogateKey>
<indexColumnUsage>
<colUsage columnID="02BB497F-3D32-EF89-07CC-D5F38A1B6E41"/>
</indexColumnUsage>
</ind_PK_UK>
</indexes>
</Table>