<?xml version = '1.0' encoding = 'UTF-8'?>
<Table class="oracle.dbtools.crest.model.design.relational.Table" directorySegmentName="seg_0" id="C3604FB3-5069-158B-1921-A2051BDD4AB4" name="players_injuries">
<createdBy>hovhannes</createdBy>
<createdTime>2018-11-29 17:48:47 UTC</createdTime>
<ownerDesignName>datamodeler29.11</ownerDesignName>
<allowColumnReorder>false</allowColumnReorder>
<existDependencyGenerateInDDl>true</existDependencyGenerateInDDl>
<parsed>true</parsed>
<columns itemClass="oracle.dbtools.crest.model.design.relational.Column">
<Column name="players_employee_id" id="E8125622-C6D2-8366-7DA3-E2BEDC63FE6C">
<createdBy>hovhannes</createdBy>
<createdTime>2018-11-29 17:48:47 UTC</createdTime>
<ownerDesignName>datamodeler29.11</ownerDesignName>
<useDomainConstraints>false</useDomainConstraints>
<use>1</use>
<logicalDatatype>LOGDT019</logicalDatatype>
<dataTypePrecision>10</dataTypePrecision>
<ownDataTypeParameters>,,</ownDataTypeParameters>
<previousColumn>false</previousColumn>
<autoIncrementCycle>false</autoIncrementCycle>
<associations>
<colAssociation fkAssociation="6ACFF299-D919-A80A-D6FA-7E0EE10C5E79" referredColumn="A4911325-B0BC-A6ED-2D1D-B4AC876C3635"/>
</associations>
</Column>
<Column name="injuries_injury_id" id="E65DD8A5-C5CF-C00D-E15E-7F84BBCCC8BD">
<createdBy>hovhannes</createdBy>
<createdTime>2018-11-29 17:48:47 UTC</createdTime>
<ownerDesignName>datamodeler29.11</ownerDesignName>
<useDomainConstraints>false</useDomainConstraints>
<use>1</use>
<logicalDatatype>LOGDT019</logicalDatatype>
<dataTypePrecision>10</dataTypePrecision>
<ownDataTypeParameters>,,</ownDataTypeParameters>
<previousColumn>false</previousColumn>
<autoIncrementCycle>false</autoIncrementCycle>
<associations>
<colAssociation fkAssociation="5F4B793B-C788-321B-E2E0-846671A20F4C" referredColumn="18F9BF37-47C2-6E41-701E-CAA6B7D853DA"/>
</associations>
</Column>
<Column name="status" id="C48B9CF8-93DE-70F0-E492-991608EBD9A0">
<createdBy>hovhannes</createdBy>
<createdTime>2018-11-29 17:48:47 UTC</createdTime>
<generatorID>583521D8-D13C-71CC-50FF-787CB15050CF</generatorID>
<ownerDesignName>datamodeler29.11</ownerDesignName>
<nullsAllowed>true</nullsAllowed>
<useDomainConstraints>false</useDomainConstraints>
<use>1</use>
<logicalDatatype>LOGDT024</logicalDatatype>
<dataTypeSize>50 CHAR</dataTypeSize>
<ownDataTypeParameters>50 CHAR,,</ownDataTypeParameters>
<autoIncrementCycle>false</autoIncrementCycle>
<isRelationshipColumn>true</isRelationshipColumn>
</Column>
<Column name="date" id="F4396DAF-4E28-0411-0953-368E3A8B8473">
<createdBy>hovhannes</createdBy>
<createdTime>2018-11-29 17:48:47 UTC</createdTime>
<generatorID>A4305BD5-B8CE-1BB0-4015-0F48D0278A95</generatorID>
<ownerDesignName>datamodeler29.11</ownerDesignName>
<nullsAllowed>true</nullsAllowed>
<useDomainConstraints>false</useDomainConstraints>
<use>1</use>
<logicalDatatype>LOGDT007</logicalDatatype>
<ownDataTypeParameters>,,</ownDataTypeParameters>
<autoIncrementCycle>false</autoIncrementCycle>
<isRelationshipColumn>true</isRelationshipColumn>
</Column>
</columns>
<indexes itemClass="oracle.dbtools.crest.model.design.relational.Index">
<ind_PK_UK id="68CB8288-D1C3-3049-52BF-E8EE7B283FBA" name="players_injuries_PK">
<createdBy>hovhannes</createdBy>
<createdTime>2018-11-29 17:48:47 UTC</createdTime>
<ownerDesignName>datamodeler29.11</ownerDesignName>
<pk>true</pk>
<indexState>Primary Constraint</indexState>
<isSurrogateKey>false</isSurrogateKey>
<indexColumnUsage>
<colUsage columnID="E8125622-C6D2-8366-7DA3-E2BEDC63FE6C"/>
<colUsage columnID="E65DD8A5-C5CF-C00D-E15E-7F84BBCCC8BD"/>
</indexColumnUsage>
</ind_PK_UK>
<ind_PK_UK id="A3A2BB1A-BF0F-3D92-A711-5A1CB37BE1F3" name="players_injuries_players_FK">
<createdBy>hovhannes</createdBy>
<createdTime>2018-11-29 17:48:47 UTC</createdTime>
<generatorID>F9F7FB54-FA81-C4DD-D6D5-AA40DDB93470</generatorID>
<ownerDesignName>datamodeler29.11</ownerDesignName>
<indexState>Foreign Key</indexState>
<isSurrogateKey>false</isSurrogateKey>
<indexColumnUsage>
<colUsage columnID="E8125622-C6D2-8366-7DA3-E2BEDC63FE6C"/>
</indexColumnUsage>
</ind_PK_UK>
<ind_PK_UK id="129758A6-81DA-D0AB-747C-C0D041041DA3" name="players_injuries_injuries_FK">
<createdBy>hovhannes</createdBy>
<createdTime>2018-11-29 17:48:47 UTC</createdTime>
<generatorID>F9F7FB54-FA81-C4DD-D6D5-AA40DDB93470</generatorID>
<ownerDesignName>datamodeler29.11</ownerDesignName>
<indexState>Foreign Key</indexState>
<isSurrogateKey>false</isSurrogateKey>
<indexColumnUsage>
<colUsage columnID="E65DD8A5-C5CF-C00D-E15E-7F84BBCCC8BD"/>
</indexColumnUsage>
</ind_PK_UK>
</indexes>
</Table>