<?xml version = '1.0' encoding = 'UTF-8'?>
<Table class="oracle.dbtools.crest.model.design.relational.Table" directorySegmentName="seg_0" id="CA2A8A49-3840-D351-7EC0-D2EE99AC2E2E" name="tvs">
<createdBy>hovhannes</createdBy>
<createdTime>2018-11-29 17:48:47 UTC</createdTime>
<generatorID>5E1A9221-28F4-9513-FB98-94C68CF89638</generatorID>
<ownerDesignName>datamodeler29.11</ownerDesignName>
<allowColumnReorder>false</allowColumnReorder>
<existDependencyGenerateInDDl>true</existDependencyGenerateInDDl>
<parsed>true</parsed>
<columns itemClass="oracle.dbtools.crest.model.design.relational.Column">
<Column name="tv_id" id="51FF164B-5540-3FB4-E693-04A6B370B2F6">
<createdBy>hovhannes</createdBy>
<createdTime>2018-11-29 17:48:47 UTC</createdTime>
<generatorID>4C9803B2-4647-A851-C917-B81B2E4AF296</generatorID>
<ownerDesignName>datamodeler29.11</ownerDesignName>
<useDomainConstraints>false</useDomainConstraints>
<use>1</use>
<logicalDatatype>LOGDT019</logicalDatatype>
<dataTypePrecision>10</dataTypePrecision>
<ownDataTypeParameters>,10,</ownDataTypeParameters>
<autoIncrementCycle>false</autoIncrementCycle>
</Column>
<Column name="name" id="D3585C8D-C233-F1F4-1A61-2E4D2AC5237F">
<createdBy>hovhannes</createdBy>
<createdTime>2018-11-29 17:48:47 UTC</createdTime>
<generatorID>FC4D7765-4CEF-02E4-D7AB-83481D6DBB89</generatorID>
<ownerDesignName>datamodeler29.11</ownerDesignName>
<nullsAllowed>true</nullsAllowed>
<useDomainConstraints>false</useDomainConstraints>
<use>1</use>
<logicalDatatype>LOGDT024</logicalDatatype>
<dataTypeSize>50 CHAR</dataTypeSize>
<ownDataTypeParameters>50 CHAR,,</ownDataTypeParameters>
<autoIncrementCycle>false</autoIncrementCycle>
</Column>
<Column name="audience" id="23014A25-22E6-6E9E-17E4-1526E772D51A">
<createdBy>hovhannes</createdBy>
<createdTime>2018-11-29 17:48:47 UTC</createdTime>
<generatorID>4E4D898B-55DF-8A52-6DFD-53C94F620C0D</generatorID>
<ownerDesignName>datamodeler29.11</ownerDesignName>
<nullsAllowed>true</nullsAllowed>
<useDomainConstraints>false</useDomainConstraints>
<use>1</use>
<logicalDatatype>LOGDT019</logicalDatatype>
<dataTypePrecision>10</dataTypePrecision>
<ownDataTypeParameters>,10,</ownDataTypeParameters>
<autoIncrementCycle>false</autoIncrementCycle>
</Column>
<Column name="country" id="9B1CA2B2-FC7A-B965-B6DA-18ED64E80212">
<createdBy>hovhannes</createdBy>
<createdTime>2018-11-29 17:48:47 UTC</createdTime>
<generatorID>EFFC78B7-802C-8A76-C574-300D675D8CF6</generatorID>
<ownerDesignName>datamodeler29.11</ownerDesignName>
<nullsAllowed>true</nullsAllowed>
<useDomainConstraints>false</useDomainConstraints>
<use>1</use>
<logicalDatatype>LOGDT024</logicalDatatype>
<dataTypeSize>50 CHAR</dataTypeSize>
<ownDataTypeParameters>50 CHAR,,</ownDataTypeParameters>
<autoIncrementCycle>false</autoIncrementCycle>
</Column>
<Column name="founded" id="6250A39D-43A7-33C5-8797-DEF9FE68E01B">
<createdBy>hovhannes</createdBy>
<createdTime>2018-11-29 17:48:47 UTC</createdTime>
<generatorID>4FF809B6-32D6-C67C-616C-D654B88C3CE0</generatorID>
<ownerDesignName>datamodeler29.11</ownerDesignName>
<nullsAllowed>true</nullsAllowed>
<useDomainConstraints>false</useDomainConstraints>
<use>1</use>
<logicalDatatype>LOGDT007</logicalDatatype>
<ownDataTypeParameters>,,</ownDataTypeParameters>
<autoIncrementCycle>false</autoIncrementCycle>
</Column>
</columns>
<indexes itemClass="oracle.dbtools.crest.model.design.relational.Index">
<ind_PK_UK id="65634894-2BCA-03AF-2CF9-E6BEBD02B39B" name="tvs_PK">
<createdBy>hovhannes</createdBy>
<createdTime>2018-11-29 17:48:47 UTC</createdTime>
<generatorID>205C0251-DAD6-ACAB-93A9-0CCF8563117A</generatorID>
<ownerDesignName>datamodeler29.11</ownerDesignName>
<pk>true</pk>
<indexState>Primary Constraint</indexState>
<isSurrogateKey>false</isSurrogateKey>
<indexColumnUsage>
<colUsage columnID="51FF164B-5540-3FB4-E693-04A6B370B2F6"/>
</indexColumnUsage>
</ind_PK_UK>
</indexes>
</Table>