<?xml version = '1.0' encoding = 'UTF-8'?>
<Table class="oracle.dbtools.crest.model.design.relational.Table" directorySegmentName="seg_0" id="DB44C562-CCAE-C6C9-6311-AE44D6809792" name="positions_players">
<createdBy>hovhannes</createdBy>
<createdTime>2018-11-29 17:48:47 UTC</createdTime>
<ownerDesignName>datamodeler29.11</ownerDesignName>
<allowColumnReorder>false</allowColumnReorder>
<existDependencyGenerateInDDl>true</existDependencyGenerateInDDl>
<parsed>true</parsed>
<columns itemClass="oracle.dbtools.crest.model.design.relational.Column">
<Column name="positions_position_id" id="D8D57C03-3921-6BD5-936E-BB4A74DA939A">
<createdBy>hovhannes</createdBy>
<createdTime>2018-11-29 17:48:47 UTC</createdTime>
<ownerDesignName>datamodeler29.11</ownerDesignName>
<useDomainConstraints>false</useDomainConstraints>
<use>1</use>
<logicalDatatype>LOGDT019</logicalDatatype>
<dataTypePrecision>10</dataTypePrecision>
<ownDataTypeParameters>,,</ownDataTypeParameters>
<previousColumn>false</previousColumn>
<autoIncrementCycle>false</autoIncrementCycle>
<associations>
<colAssociation fkAssociation="5EEF3D40-2E06-D584-8500-91C10BB61404" referredColumn="956D1280-A76C-5E97-A5F1-11D2BEC9DD17"/>
</associations>
</Column>
<Column name="players_employee_id" id="5DF3123B-A410-3EDC-5D62-C7E891667B51">
<createdBy>hovhannes</createdBy>
<createdTime>2018-11-29 17:48:47 UTC</createdTime>
<ownerDesignName>datamodeler29.11</ownerDesignName>
<useDomainConstraints>false</useDomainConstraints>
<use>1</use>
<logicalDatatype>LOGDT019</logicalDatatype>
<dataTypePrecision>10</dataTypePrecision>
<ownDataTypeParameters>,,</ownDataTypeParameters>
<previousColumn>false</previousColumn>
<autoIncrementCycle>false</autoIncrementCycle>
<associations>
<colAssociation fkAssociation="F2ACB64D-4848-BD21-8FC8-B0974BF58B1A" referredColumn="A4911325-B0BC-A6ED-2D1D-B4AC876C3635"/>
</associations>
</Column>
</columns>
<indexes itemClass="oracle.dbtools.crest.model.design.relational.Index">
<ind_PK_UK id="A8818423-7D19-7307-001F-552610B7E918" name="positions_players_PK">
<createdBy>hovhannes</createdBy>
<createdTime>2018-11-29 17:48:47 UTC</createdTime>
<ownerDesignName>datamodeler29.11</ownerDesignName>
<pk>true</pk>
<indexState>Primary Constraint</indexState>
<isSurrogateKey>false</isSurrogateKey>
<indexColumnUsage>
<colUsage columnID="D8D57C03-3921-6BD5-936E-BB4A74DA939A"/>
<colUsage columnID="5DF3123B-A410-3EDC-5D62-C7E891667B51"/>
</indexColumnUsage>
</ind_PK_UK>
<ind_PK_UK id="53E02FD1-3480-397D-D676-20425616376D" name="positions_players_positions_FK">
<createdBy>hovhannes</createdBy>
<createdTime>2018-11-29 17:48:47 UTC</createdTime>
<generatorID>AFEF3386-C5E4-FF25-AC5A-27AF14AF51C6</generatorID>
<ownerDesignName>datamodeler29.11</ownerDesignName>
<indexState>Foreign Key</indexState>
<isSurrogateKey>false</isSurrogateKey>
<indexColumnUsage>
<colUsage columnID="D8D57C03-3921-6BD5-936E-BB4A74DA939A"/>
</indexColumnUsage>
</ind_PK_UK>
<ind_PK_UK id="9F0C7A4D-AA4B-42C8-8ECE-BC82DF2F8654" name="positions_players_players_FK">
<createdBy>hovhannes</createdBy>
<createdTime>2018-11-29 17:48:47 UTC</createdTime>
<generatorID>AFEF3386-C5E4-FF25-AC5A-27AF14AF51C6</generatorID>
<ownerDesignName>datamodeler29.11</ownerDesignName>
<indexState>Foreign Key</indexState>
<isSurrogateKey>false</isSurrogateKey>
<indexColumnUsage>
<colUsage columnID="5DF3123B-A410-3EDC-5D62-C7E891667B51"/>
</indexColumnUsage>
</ind_PK_UK>
</indexes>
</Table>