<?xml version = '1.0' encoding = 'UTF-8'?>
<Table class="oracle.dbtools.crest.model.design.relational.Table" directorySegmentName="seg_0" id="E7BE7C0C-E13E-9926-5FDE-6FD6DE48E29B" name="transfers">
<createdBy>hovhannes</createdBy>
<createdTime>2018-11-29 17:48:47 UTC</createdTime>
<generatorID>46C40EEB-AA7E-F47B-5060-E6EAAEEE30EC</generatorID>
<ownerDesignName>datamodeler29.11</ownerDesignName>
<allowColumnReorder>false</allowColumnReorder>
<existDependencyGenerateInDDl>true</existDependencyGenerateInDDl>
<parsed>true</parsed>
<columns itemClass="oracle.dbtools.crest.model.design.relational.Column">
<Column name="transfer_id" id="319D138E-A2D0-A7E5-E334-AAD9CCA3D9C0">
<createdBy>hovhannes</createdBy>
<createdTime>2018-11-29 17:48:47 UTC</createdTime>
<generatorID>3E107333-D254-1C98-F07A-5CD33CFAC9CF</generatorID>
<ownerDesignName>datamodeler29.11</ownerDesignName>
<useDomainConstraints>false</useDomainConstraints>
<use>1</use>
<logicalDatatype>LOGDT019</logicalDatatype>
<dataTypePrecision>10</dataTypePrecision>
<ownDataTypeParameters>,10,</ownDataTypeParameters>
<autoIncrementCycle>false</autoIncrementCycle>
</Column>
<Column name="amount" id="ABBD2646-DA9B-4B28-FE8B-F8F109066A18">
<createdBy>hovhannes</createdBy>
<createdTime>2018-11-29 17:48:47 UTC</createdTime>
<generatorID>E8040058-6D97-86B1-20CF-8D40C06B81E0</generatorID>
<ownerDesignName>datamodeler29.11</ownerDesignName>
<nullsAllowed>true</nullsAllowed>
<useDomainConstraints>false</useDomainConstraints>
<use>1</use>
<logicalDatatype>LOGDT019</logicalDatatype>
<dataTypePrecision>10</dataTypePrecision>
<ownDataTypeParameters>,10,</ownDataTypeParameters>
<autoIncrementCycle>false</autoIncrementCycle>
</Column>
<Column name="date" id="C650E1A5-CEBF-CCA7-7D3D-4FF825C2CA25">
<createdBy>hovhannes</createdBy>
<createdTime>2018-11-29 17:48:47 UTC</createdTime>
<generatorID>9A8F96F4-2F53-E9D2-E863-8DDC3551769F</generatorID>
<ownerDesignName>datamodeler29.11</ownerDesignName>
<nullsAllowed>true</nullsAllowed>
<useDomainConstraints>false</useDomainConstraints>
<use>1</use>
<logicalDatatype>LOGDT007</logicalDatatype>
<ownDataTypeParameters>,,</ownDataTypeParameters>
<autoIncrementCycle>false</autoIncrementCycle>
</Column>
<Column name="players_employee_id" id="D2461766-580F-D849-AD9C-CB9FF2A8DD2B">
<createdBy>hovhannes</createdBy>
<createdTime>2018-11-29 17:48:47 UTC</createdTime>
<generatorID>46041116-DE63-F696-CD2F-B01F14579CD7</generatorID>
<ownerDesignName>datamodeler29.11</ownerDesignName>
<useDomainConstraints>false</useDomainConstraints>
<use>1</use>
<logicalDatatype>LOGDT019</logicalDatatype>
<dataTypePrecision>10</dataTypePrecision>
<ownDataTypeParameters>,,</ownDataTypeParameters>
<previousColumn>false</previousColumn>
<autoIncrementCycle>false</autoIncrementCycle>
<associations>
<colAssociation fkAssociation="EC85124E-A572-7C8A-0B3B-39C38A21CB93" referredColumn="A4911325-B0BC-A6ED-2D1D-B4AC876C3635"/>
</associations>
</Column>
<Column name="teams_team_id" id="3F609C36-398B-065F-03F1-7FE93B7E7BC2">
<createdBy>hovhannes</createdBy>
<createdTime>2018-11-29 17:48:47 UTC</createdTime>
<generatorID>8C279B0E-15F7-BF8F-7364-F3A5D4739C31</generatorID>
<ownerDesignName>datamodeler29.11</ownerDesignName>
<useDomainConstraints>false</useDomainConstraints>
<use>1</use>
<logicalDatatype>LOGDT019</logicalDatatype>
<dataTypePrecision>10</dataTypePrecision>
<ownDataTypeParameters>,,</ownDataTypeParameters>
<previousColumn>false</previousColumn>
<autoIncrementCycle>false</autoIncrementCycle>
<associations>
<colAssociation fkAssociation="2D788AD1-F75A-1F56-A42F-C0A2ED946D7A" referredColumn="6417D305-699F-D352-AFB9-22F4534CDEE0"/>
</associations>
</Column>
<Column name="teams_team_id1" id="E2F723BE-94F9-F946-ACFF-3EE9823E8FC2">
<createdBy>hovhannes</createdBy>
<createdTime>2018-11-29 17:48:47 UTC</createdTime>
<generatorID>2B0BB423-8AFF-7CD7-355A-8AAD151B86E2</generatorID>
<ownerDesignName>datamodeler29.11</ownerDesignName>
<useDomainConstraints>false</useDomainConstraints>
<use>1</use>
<logicalDatatype>LOGDT019</logicalDatatype>
<dataTypePrecision>10</dataTypePrecision>
<ownDataTypeParameters>,,</ownDataTypeParameters>
<previousColumn>false</previousColumn>
<autoIncrementCycle>false</autoIncrementCycle>
<associations>
<colAssociation fkAssociation="AA8F5310-46FA-C3F0-BEE7-DC65C7BD93FB" referredColumn="6417D305-699F-D352-AFB9-22F4534CDEE0"/>
</associations>
</Column>
</columns>
<indexes itemClass="oracle.dbtools.crest.model.design.relational.Index">
<ind_PK_UK id="322CE367-8774-EE45-D0A6-1CE72CAAC3E7" name="transfers_PK">
<createdBy>hovhannes</createdBy>
<createdTime>2018-11-29 17:48:47 UTC</createdTime>
<generatorID>29509499-B204-963A-D1FF-3CBC893764D4</generatorID>
<ownerDesignName>datamodeler29.11</ownerDesignName>
<pk>true</pk>
<indexState>Primary Constraint</indexState>
<isSurrogateKey>false</isSurrogateKey>
<indexColumnUsage>
<colUsage columnID="319D138E-A2D0-A7E5-E334-AAD9CCA3D9C0"/>
</indexColumnUsage>
</ind_PK_UK>
<ind_PK_UK id="50482E09-09A0-3D7B-1D75-AEC650D0345F" name="transfers__IDX">
<createdBy>hovhannes</createdBy>
<createdTime>2018-11-29 17:48:47 UTC</createdTime>
<ownerDesignName>datamodeler29.11</ownerDesignName>
<indexState>Unique Plain Index</indexState>
<isSurrogateKey>false</isSurrogateKey>
<relationGeneratorID>7C3AA9A7-96C4-3DD7-FCD8-F734122C58CF</relationGeneratorID>
<indexColumnUsage>
<colUsage columnID="D2461766-580F-D849-AD9C-CB9FF2A8DD2B"/>
</indexColumnUsage>
</ind_PK_UK>
<ind_PK_UK id="8C981A57-6ADB-DDCB-F5A3-10865FF32A7D" name="transfers_teams_FK">
<createdBy>hovhannes</createdBy>
<createdTime>2018-11-29 17:48:47 UTC</createdTime>
<generatorID>72F96FF3-6E6A-0626-D105-3FBA4E25B7E2</generatorID>
<ownerDesignName>datamodeler29.11</ownerDesignName>
<indexState>Foreign Key</indexState>
<isSurrogateKey>false</isSurrogateKey>
<indexColumnUsage>
<colUsage columnID="3F609C36-398B-065F-03F1-7FE93B7E7BC2"/>
</indexColumnUsage>
</ind_PK_UK>
<ind_PK_UK id="84518479-F280-C0BD-86B8-18A32F024B53" name="transfers_teams_FKv2">
<createdBy>hovhannes</createdBy>
<createdTime>2018-11-29 17:48:47 UTC</createdTime>
<generatorID>181C9E4A-59F7-DA71-169E-4565328D9A3E</generatorID>
<ownerDesignName>datamodeler29.11</ownerDesignName>
<indexState>Foreign Key</indexState>
<isSurrogateKey>false</isSurrogateKey>
<indexColumnUsage>
<colUsage columnID="E2F723BE-94F9-F946-ACFF-3EE9823E8FC2"/>
</indexColumnUsage>
</ind_PK_UK>
<ind_PK_UK id="7CA77EAF-836B-EA49-EDDB-91E3448AF3E9" name="transfers_players_FK">
<createdBy>hovhannes</createdBy>
<createdTime>2018-11-29 17:48:47 UTC</createdTime>
<generatorID>7C3AA9A7-96C4-3DD7-FCD8-F734122C58CF</generatorID>
<ownerDesignName>datamodeler29.11</ownerDesignName>
<indexState>Foreign Key</indexState>
<isSurrogateKey>false</isSurrogateKey>
<indexColumnUsage>
<colUsage columnID="D2461766-580F-D849-AD9C-CB9FF2A8DD2B"/>
</indexColumnUsage>
</ind_PK_UK>
</indexes>
</Table>