<?xml version = '1.0' encoding = 'UTF-8'?>
<Entity class="oracle.dbtools.crest.model.design.logical.Entity" directorySegmentName="seg_0" id="37C1A765-13D4-66B9-9F23-3E9A2EA568BE" name="plys_mtchs_gls">
<createdBy>CustomUserWin01</createdBy>
<createdTime>2018-11-25 14:24:51 UTC</createdTime>
<ownerDesignName>datamodeler29.11</ownerDesignName>
<engineerTo>
<item key="197A2D26-55FC-8B6A-D47A-46DD0FAAB3D9" value="true"/>
</engineerTo>
<adequatelyNormalized>NO</adequatelyNormalized>
<expectedVolumes>0</expectedVolumes>
<fwdEngineeringStrategyName>Single Table</fwdEngineeringStrategyName>
<growthPercent>0</growthPercent>
<growthType>Year</growthType>
<maxVolumes>9999999</maxVolumes>
<minVolumes>0</minVolumes>
<normalForm>Third</normalForm>
<attributes itemClass="oracle.dbtools.crest.model.design.logical.Attribute">
<Attribute name="employee_id" id="2CCAF908-C0BE-A856-0015-7E4A5F64F84B">
<createdBy>CustomUserWin01</createdBy>
<createdTime>2018-11-27 16:43:10 UTC</createdTime>
<generatorID>14BDF126-29EF-3CB2-47BC-D14F9FC32486</generatorID>
<ownerDesignName>datamodeler29.11</ownerDesignName>
<engineerTo>
<item key="197A2D26-55FC-8B6A-D47A-46DD0FAAB3D9" value="true"/>
</engineerTo>
<referedAttribute>28BD8B87-6276-B6EB-75EE-CB518BB0AE7F</referedAttribute>
<useDomainConstraints>false</useDomainConstraints>
<use>1</use>
<logicalDatatype>LOGDT019</logicalDatatype>
<dataTypePrecision>10</dataTypePrecision>
<ownDataTypeParameters>,10,</ownDataTypeParameters>
</Attribute>
<Attribute name="match_id" id="6A85F40A-05FB-9EA5-9999-68E18330540E">
<createdBy>CustomUserWin01</createdBy>
<createdTime>2018-11-27 16:47:51 UTC</createdTime>
<generatorID>0A602EE0-C1A1-363D-A9D1-D67B7680505F</generatorID>
<ownerDesignName>datamodeler29.11</ownerDesignName>
<engineerTo>
<item key="197A2D26-55FC-8B6A-D47A-46DD0FAAB3D9" value="true"/>
</engineerTo>
<referedAttribute>90BC5B27-4479-C07E-B49F-0C57854B8313</referedAttribute>
<useDomainConstraints>false</useDomainConstraints>
<use>1</use>
<logicalDatatype>LOGDT019</logicalDatatype>
<dataTypePrecision>10</dataTypePrecision>
<ownDataTypeParameters>,10,</ownDataTypeParameters>
</Attribute>
<Attribute name="goal_id" id="255BD68F-D920-D688-63B7-76ED4312C3A3">
<createdBy>CustomUserWin01</createdBy>
<createdTime>2018-11-27 17:46:57 UTC</createdTime>
<generatorID>19F27700-B2CD-E069-D48A-785F154B669B</generatorID>
<ownerDesignName>datamodeler29.11</ownerDesignName>
<engineerTo>
<item key="197A2D26-55FC-8B6A-D47A-46DD0FAAB3D9" value="true"/>
</engineerTo>
<referedAttribute>D96138DA-CA5D-E5D3-CD25-899DC15BEF46</referedAttribute>
<useDomainConstraints>false</useDomainConstraints>
<use>1</use>
<logicalDatatype>LOGDT019</logicalDatatype>
<dataTypePrecision>10</dataTypePrecision>
<ownDataTypeParameters>,10,</ownDataTypeParameters>
</Attribute>
<Attribute name="employee_id1" id="DF3AC926-487A-15E4-D4EF-2647656DC251">
<createdBy>CustomUserWin01</createdBy>
<createdTime>2018-11-27 17:53:55 UTC</createdTime>
<generatorID>0271AC62-F6DD-42E2-5DA0-9FA60B23E762</generatorID>
<ownerDesignName>datamodeler29.11</ownerDesignName>
<engineerTo>
<item key="197A2D26-55FC-8B6A-D47A-46DD0FAAB3D9" value="true"/>
</engineerTo>
<nullsAllowed>true</nullsAllowed>
<referedAttribute>28BD8B87-6276-B6EB-75EE-CB518BB0AE7F</referedAttribute>
<useDomainConstraints>false</useDomainConstraints>
<use>1</use>
<logicalDatatype>LOGDT019</logicalDatatype>
<dataTypePrecision>10</dataTypePrecision>
<ownDataTypeParameters>,10,</ownDataTypeParameters>
</Attribute>
</attributes>
</Entity>