<?xml version = '1.0' encoding = 'UTF-8'?>
<Entity class="oracle.dbtools.crest.model.design.logical.Entity" directorySegmentName="seg_0" id="46C40EEB-AA7E-F47B-5060-E6EAAEEE30EC" name="transfers">
<createdBy>CustomUserWin01</createdBy>
<createdTime>2018-11-25 13:03:31 UTC</createdTime>
<ownerDesignName>datamodeler29.11</ownerDesignName>
<engineerTo>
<item key="197A2D26-55FC-8B6A-D47A-46DD0FAAB3D9" value="true"/>
</engineerTo>
<adequatelyNormalized>NO</adequatelyNormalized>
<expectedVolumes>0</expectedVolumes>
<fwdEngineeringStrategyName>Single Table</fwdEngineeringStrategyName>
<growthPercent>0</growthPercent>
<growthType>Year</growthType>
<maxVolumes>9999999</maxVolumes>
<minVolumes>0</minVolumes>
<normalForm>Third</normalForm>
<attributes itemClass="oracle.dbtools.crest.model.design.logical.Attribute">
<Attribute name="transfer_id" id="3E107333-D254-1C98-F07A-5CD33CFAC9CF">
<createdBy>CustomUserWin01</createdBy>
<createdTime>2018-11-25 13:03:37 UTC</createdTime>
<ownerDesignName>datamodeler29.11</ownerDesignName>
<engineerTo>
<item key="197A2D26-55FC-8B6A-D47A-46DD0FAAB3D9" value="true"/>
</engineerTo>
<useDomainConstraints>false</useDomainConstraints>
<use>1</use>
<logicalDatatype>LOGDT019</logicalDatatype>
<dataTypePrecision>10</dataTypePrecision>
<ownDataTypeParameters>,10,</ownDataTypeParameters>
</Attribute>
<Attribute name="amount" id="E8040058-6D97-86B1-20CF-8D40C06B81E0">
<createdBy>CustomUserWin01</createdBy>
<createdTime>2018-11-25 13:03:54 UTC</createdTime>
<ownerDesignName>datamodeler29.11</ownerDesignName>
<engineerTo>
<item key="197A2D26-55FC-8B6A-D47A-46DD0FAAB3D9" value="true"/>
</engineerTo>
<nullsAllowed>true</nullsAllowed>
<useDomainConstraints>false</useDomainConstraints>
<use>1</use>
<logicalDatatype>LOGDT019</logicalDatatype>
<dataTypePrecision>10</dataTypePrecision>
<ownDataTypeParameters>,10,</ownDataTypeParameters>
</Attribute>
<Attribute name="date" id="9A8F96F4-2F53-E9D2-E863-8DDC3551769F">
<createdBy>CustomUserWin01</createdBy>
<createdTime>2018-11-25 13:04:03 UTC</createdTime>
<ownerDesignName>datamodeler29.11</ownerDesignName>
<engineerTo>
<item key="197A2D26-55FC-8B6A-D47A-46DD0FAAB3D9" value="true"/>
</engineerTo>
<nullsAllowed>true</nullsAllowed>
<useDomainConstraints>false</useDomainConstraints>
<use>1</use>
<logicalDatatype>LOGDT007</logicalDatatype>
<ownDataTypeParameters>,,</ownDataTypeParameters>
</Attribute>
<Attribute name="employee_id" id="46041116-DE63-F696-CD2F-B01F14579CD7">
<createdBy>CustomUserWin01</createdBy>
<createdTime>2018-11-25 13:04:20 UTC</createdTime>
<generatorID>7C3AA9A7-96C4-3DD7-FCD8-F734122C58CF</generatorID>
<ownerDesignName>datamodeler29.11</ownerDesignName>
<engineerTo>
<item key="197A2D26-55FC-8B6A-D47A-46DD0FAAB3D9" value="true"/>
</engineerTo>
<referedAttribute>28BD8B87-6276-B6EB-75EE-CB518BB0AE7F</referedAttribute>
<useDomainConstraints>false</useDomainConstraints>
<use>1</use>
<logicalDatatype>LOGDT019</logicalDatatype>
<dataTypePrecision>10</dataTypePrecision>
<ownDataTypeParameters>,10,</ownDataTypeParameters>
</Attribute>
<Attribute name="team_id" id="8C279B0E-15F7-BF8F-7364-F3A5D4739C31">
<createdBy>CustomUserWin01</createdBy>
<createdTime>2018-11-27 18:10:49 UTC</createdTime>
<generatorID>72F96FF3-6E6A-0626-D105-3FBA4E25B7E2</generatorID>
<ownerDesignName>datamodeler29.11</ownerDesignName>
<engineerTo>
<item key="197A2D26-55FC-8B6A-D47A-46DD0FAAB3D9" value="true"/>
</engineerTo>
<referedAttribute>F3869B41-E85E-0434-87D5-D41FED3086A7</referedAttribute>
<useDomainConstraints>false</useDomainConstraints>
<use>1</use>
<logicalDatatype>LOGDT019</logicalDatatype>
<dataTypePrecision>10</dataTypePrecision>
<ownDataTypeParameters>,10,</ownDataTypeParameters>
</Attribute>
<Attribute name="team_id1" id="2B0BB423-8AFF-7CD7-355A-8AAD151B86E2">
<createdBy>CustomUserWin01</createdBy>
<createdTime>2018-11-27 18:11:04 UTC</createdTime>
<generatorID>181C9E4A-59F7-DA71-169E-4565328D9A3E</generatorID>
<ownerDesignName>datamodeler29.11</ownerDesignName>
<engineerTo>
<item key="197A2D26-55FC-8B6A-D47A-46DD0FAAB3D9" value="true"/>
</engineerTo>
<referedAttribute>F3869B41-E85E-0434-87D5-D41FED3086A7</referedAttribute>
<useDomainConstraints>false</useDomainConstraints>
<use>1</use>
<logicalDatatype>LOGDT019</logicalDatatype>
<dataTypePrecision>10</dataTypePrecision>
<ownDataTypeParameters>,10,</ownDataTypeParameters>
</Attribute>
</attributes>
<identifiers itemClass="oracle.dbtools.crest.model.design.logical.CandidateKey">
<identifier id="29509499-B204-963A-D1FF-3CBC893764D4" name="transfers PK">
<createdBy>CustomUserWin01</createdBy>
<createdTime>2018-11-25 13:03:48 UTC</createdTime>
<ownerDesignName>datamodeler29.11</ownerDesignName>
<engineerTo>
<item key="197A2D26-55FC-8B6A-D47A-46DD0FAAB3D9" value="true"/>
</engineerTo>
<pk>true</pk>
<usedAttributes>
<attributeRef>3E107333-D254-1C98-F07A-5CD33CFAC9CF</attributeRef>
</usedAttributes>
</identifier>
</identifiers>
</Entity>