<?xml version = '1.0' encoding = 'UTF-8'?>
<Entity class="oracle.dbtools.crest.model.design.logical.Entity" directorySegmentName="seg_0" id="8A13655C-8CE0-DF66-EB74-B2E0623C935C" name="fixture">
<createdBy>CustomUserWin01</createdBy>
<createdTime>2018-11-25 13:56:51 UTC</createdTime>
<ownerDesignName>datamodeler29.11</ownerDesignName>
<engineerTo>
<item key="197A2D26-55FC-8B6A-D47A-46DD0FAAB3D9" value="true"/>
</engineerTo>
<adequatelyNormalized>NO</adequatelyNormalized>
<expectedVolumes>0</expectedVolumes>
<fwdEngineeringStrategyName>Single Table</fwdEngineeringStrategyName>
<growthPercent>0</growthPercent>
<growthType>Year</growthType>
<maxVolumes>9999999</maxVolumes>
<minVolumes>0</minVolumes>
<normalForm>Third</normalForm>
<attributes itemClass="oracle.dbtools.crest.model.design.logical.Attribute">
<Attribute name="fixture_id" id="3181E379-70C0-2F05-1E57-D080E635BDFF">
<createdBy>CustomUserWin01</createdBy>
<createdTime>2018-11-25 13:57:00 UTC</createdTime>
<ownerDesignName>datamodeler29.11</ownerDesignName>
<engineerTo>
<item key="197A2D26-55FC-8B6A-D47A-46DD0FAAB3D9" value="true"/>
</engineerTo>
<useDomainConstraints>false</useDomainConstraints>
<use>1</use>
<logicalDatatype>LOGDT019</logicalDatatype>
<dataTypePrecision>10</dataTypePrecision>
<ownDataTypeParameters>,10,</ownDataTypeParameters>
</Attribute>
<Attribute name="date" id="69EB5C53-150C-4391-639B-EF1E2738A473">
<createdBy>CustomUserWin01</createdBy>
<createdTime>2018-11-25 13:57:13 UTC</createdTime>
<ownerDesignName>datamodeler29.11</ownerDesignName>
<engineerTo>
<item key="197A2D26-55FC-8B6A-D47A-46DD0FAAB3D9" value="true"/>
</engineerTo>
<nullsAllowed>true</nullsAllowed>
<useDomainConstraints>false</useDomainConstraints>
<use>1</use>
<logicalDatatype>LOGDT007</logicalDatatype>
<ownDataTypeParameters>,,</ownDataTypeParameters>
</Attribute>
<Attribute name="team_id" id="B1A18562-834B-3486-903E-0F8A3F909ACB">
<createdBy>CustomUserWin01</createdBy>
<createdTime>2018-11-25 13:57:41 UTC</createdTime>
<generatorID>E17E5296-9537-003E-E0AE-714C47FE156E</generatorID>
<ownerDesignName>datamodeler29.11</ownerDesignName>
<engineerTo>
<item key="197A2D26-55FC-8B6A-D47A-46DD0FAAB3D9" value="true"/>
</engineerTo>
<referedAttribute>F3869B41-E85E-0434-87D5-D41FED3086A7</referedAttribute>
<useDomainConstraints>false</useDomainConstraints>
<use>1</use>
<logicalDatatype>LOGDT019</logicalDatatype>
<dataTypePrecision>10</dataTypePrecision>
<ownDataTypeParameters>,10,</ownDataTypeParameters>
</Attribute>
<Attribute name="team_id1" id="E58D8295-D8A0-EF58-F981-FC4A4EB3AE14">
<createdBy>CustomUserWin01</createdBy>
<createdTime>2018-11-25 13:58:59 UTC</createdTime>
<generatorID>C787A229-B277-5DF1-08FA-210FA9769285</generatorID>
<ownerDesignName>datamodeler29.11</ownerDesignName>
<engineerTo>
<item key="197A2D26-55FC-8B6A-D47A-46DD0FAAB3D9" value="true"/>
</engineerTo>
<referedAttribute>F3869B41-E85E-0434-87D5-D41FED3086A7</referedAttribute>
<useDomainConstraints>false</useDomainConstraints>
<use>1</use>
<logicalDatatype>LOGDT019</logicalDatatype>
<dataTypePrecision>10</dataTypePrecision>
<ownDataTypeParameters>,10,</ownDataTypeParameters>
</Attribute>
</attributes>
<identifiers itemClass="oracle.dbtools.crest.model.design.logical.CandidateKey">
<identifier id="E5D6748F-235F-534C-7CEF-4F8F660C6395" name="calendar PK">
<createdBy>CustomUserWin01</createdBy>
<createdTime>2018-11-25 13:57:11 UTC</createdTime>
<ownerDesignName>datamodeler29.11</ownerDesignName>
<engineerTo>
<item key="197A2D26-55FC-8B6A-D47A-46DD0FAAB3D9" value="true"/>
</engineerTo>
<pk>true</pk>
<usedAttributes>
<attributeRef>3181E379-70C0-2F05-1E57-D080E635BDFF</attributeRef>
</usedAttributes>
</identifier>
</identifiers>
</Entity>