<?xml version = '1.0' encoding = 'UTF-8'?>
<Entity class="oracle.dbtools.crest.model.design.logical.Entity" directorySegmentName="seg_0" id="EAEF72C6-B583-8931-9D2C-9C7B4EE58D58" name="tickets">
<createdBy>CustomUserWin01</createdBy>
<createdTime>2018-11-25 14:09:50 UTC</createdTime>
<ownerDesignName>datamodeler29.11</ownerDesignName>
<engineerTo>
<item key="197A2D26-55FC-8B6A-D47A-46DD0FAAB3D9" value="true"/>
</engineerTo>
<adequatelyNormalized>NO</adequatelyNormalized>
<expectedVolumes>0</expectedVolumes>
<fwdEngineeringStrategyName>Single Table</fwdEngineeringStrategyName>
<growthPercent>0</growthPercent>
<growthType>Year</growthType>
<maxVolumes>9999999</maxVolumes>
<minVolumes>0</minVolumes>
<normalForm>Third</normalForm>
<attributes itemClass="oracle.dbtools.crest.model.design.logical.Attribute">
<Attribute name="tickets_id" id="355E009B-B022-44B3-71EE-776F78FDF81D">
<createdBy>CustomUserWin01</createdBy>
<createdTime>2018-11-25 14:10:02 UTC</createdTime>
<ownerDesignName>datamodeler29.11</ownerDesignName>
<engineerTo>
<item key="197A2D26-55FC-8B6A-D47A-46DD0FAAB3D9" value="true"/>
</engineerTo>
<useDomainConstraints>false</useDomainConstraints>
<use>1</use>
<logicalDatatype>LOGDT019</logicalDatatype>
<dataTypePrecision>10</dataTypePrecision>
<ownDataTypeParameters>,10,</ownDataTypeParameters>
</Attribute>
<Attribute name="row" id="0BC52ABE-4B3F-1D0D-389C-56535AB0F791">
<createdBy>CustomUserWin01</createdBy>
<createdTime>2018-11-25 14:10:33 UTC</createdTime>
<ownerDesignName>datamodeler29.11</ownerDesignName>
<engineerTo>
<item key="197A2D26-55FC-8B6A-D47A-46DD0FAAB3D9" value="true"/>
</engineerTo>
<nullsAllowed>true</nullsAllowed>
<useDomainConstraints>false</useDomainConstraints>
<use>1</use>
<logicalDatatype>LOGDT019</logicalDatatype>
<dataTypePrecision>10</dataTypePrecision>
<ownDataTypeParameters>,10,</ownDataTypeParameters>
</Attribute>
<Attribute name="seat" id="C800C00D-6CFF-B1A1-0C12-55820BA4238D">
<createdBy>CustomUserWin01</createdBy>
<createdTime>2018-11-25 14:10:42 UTC</createdTime>
<ownerDesignName>datamodeler29.11</ownerDesignName>
<engineerTo>
<item key="197A2D26-55FC-8B6A-D47A-46DD0FAAB3D9" value="true"/>
</engineerTo>
<nullsAllowed>true</nullsAllowed>
<useDomainConstraints>false</useDomainConstraints>
<use>1</use>
<logicalDatatype>LOGDT019</logicalDatatype>
<dataTypePrecision>10</dataTypePrecision>
<ownDataTypeParameters>,10,</ownDataTypeParameters>
</Attribute>
<Attribute name="sector" id="98F5DF1D-5D97-5DD8-742B-65A15E002839">
<createdBy>CustomUserWin01</createdBy>
<createdTime>2018-11-25 14:10:56 UTC</createdTime>
<ownerDesignName>datamodeler29.11</ownerDesignName>
<engineerTo>
<item key="197A2D26-55FC-8B6A-D47A-46DD0FAAB3D9" value="true"/>
</engineerTo>
<nullsAllowed>true</nullsAllowed>
<useDomainConstraints>false</useDomainConstraints>
<use>1</use>
<logicalDatatype>LOGDT019</logicalDatatype>
<dataTypePrecision>10</dataTypePrecision>
<ownDataTypeParameters>,10,</ownDataTypeParameters>
</Attribute>
<Attribute name="status" id="761C949E-16A8-7E1F-152C-C155123C293E">
<createdBy>CustomUserWin01</createdBy>
<createdTime>2018-11-25 14:11:07 UTC</createdTime>
<ownerDesignName>datamodeler29.11</ownerDesignName>
<engineerTo>
<item key="197A2D26-55FC-8B6A-D47A-46DD0FAAB3D9" value="true"/>
</engineerTo>
<nullsAllowed>true</nullsAllowed>
<useDomainConstraints>false</useDomainConstraints>
<use>1</use>
<logicalDatatype>LOGDT024</logicalDatatype>
<dataTypeSize>50 CHAR</dataTypeSize>
<ownDataTypeParameters>50 CHAR,,</ownDataTypeParameters>
</Attribute>
<Attribute name="price" id="F9C0823C-ABD1-9506-AB13-5FC401F75908">
<createdBy>CustomUserWin01</createdBy>
<createdTime>2018-11-25 14:11:27 UTC</createdTime>
<ownerDesignName>datamodeler29.11</ownerDesignName>
<engineerTo>
<item key="197A2D26-55FC-8B6A-D47A-46DD0FAAB3D9" value="true"/>
</engineerTo>
<nullsAllowed>true</nullsAllowed>
<useDomainConstraints>false</useDomainConstraints>
<use>1</use>
<logicalDatatype>LOGDT019</logicalDatatype>
<dataTypePrecision>10</dataTypePrecision>
<dataTypeScale>2</dataTypeScale>
<ownDataTypeParameters>,10,2</ownDataTypeParameters>
</Attribute>
<Attribute name="match_id" id="9E466262-2A04-372F-6DCC-3BC5B8C58A50">
<createdBy>CustomUserWin01</createdBy>
<createdTime>2018-11-25 14:11:57 UTC</createdTime>
<generatorID>B4AF6CD0-0C6E-DBA8-E87E-2CBF8FA61E3E</generatorID>
<ownerDesignName>datamodeler29.11</ownerDesignName>
<engineerTo>
<item key="197A2D26-55FC-8B6A-D47A-46DD0FAAB3D9" value="true"/>
</engineerTo>
<referedAttribute>90BC5B27-4479-C07E-B49F-0C57854B8313</referedAttribute>
<useDomainConstraints>false</useDomainConstraints>
<use>1</use>
<logicalDatatype>LOGDT019</logicalDatatype>
<dataTypePrecision>10</dataTypePrecision>
<ownDataTypeParameters>,10,</ownDataTypeParameters>
</Attribute>
</attributes>
<identifiers itemClass="oracle.dbtools.crest.model.design.logical.CandidateKey">
<identifier id="09E006BE-C1EA-F80B-A5C3-A5F21A0CED93" name="tickets PK">
<createdBy>CustomUserWin01</createdBy>
<createdTime>2018-11-25 14:10:13 UTC</createdTime>
<ownerDesignName>datamodeler29.11</ownerDesignName>
<engineerTo>
<item key="197A2D26-55FC-8B6A-D47A-46DD0FAAB3D9" value="true"/>
</engineerTo>
<pk>true</pk>
<usedAttributes>
<attributeRef>355E009B-B022-44B3-71EE-776F78FDF81D</attributeRef>
</usedAttributes>
</identifier>
</identifiers>
</Entity>