<?xml version = '1.0' encoding = 'UTF-8'?>
<InheritanceRelation class="oracle.dbtools.crest.model.design.logical.InheritanceRelation" name="Hierarchy_2" directorySegmentName="seg_0" id="2142FBDE-F060-534F-E191-2D21674E2393">
<createdBy>CustomUserWin01</createdBy>
<createdTime>2018-11-25 12:00:21 UTC</createdTime>
<ownerDesignName>db project 2</ownerDesignName>
<engineerTo>
<item key="197A2D26-55FC-8B6A-D47A-46DD0FAAB3D9" value="true"/>
</engineerTo>
<identifying>false</identifying>
<nameOnSource>Super Type</nameOnSource>
<nameOnTarget>Sub Type</nameOnTarget>
<optionalSource>true</optionalSource>
<optionalTarget>true</optionalTarget>
<sourceEntity>1581F213-3C02-C4BE-94D8-75BB7858822C</sourceEntity>
<targetEntity>25B0B32A-1F73-EA0E-CE4D-4DA6989DBF54</targetEntity>
<transferable>true</transferable>
<deleteRule>NO ACTION</deleteRule>
</InheritanceRelation>