<?xml version = '1.0' encoding = 'UTF-8'?>
<InheritanceRelation class="oracle.dbtools.crest.model.design.logical.InheritanceRelation" name="Hierarchy_7" directorySegmentName="seg_0" id="29060B41-9C9D-514F-5F60-9582CE8F59F3">
<createdBy>hovhannes</createdBy>
<createdTime>2018-11-29 17:15:00 UTC</createdTime>
<ownerDesignName>datamodeler29.11</ownerDesignName>
<engineerTo>
<item key="197A2D26-55FC-8B6A-D47A-46DD0FAAB3D9" value="true"/>
</engineerTo>
<identifying>false</identifying>
<nameOnSource>Super Type</nameOnSource>
<nameOnTarget>Sub Type</nameOnTarget>
<optionalSource>true</optionalSource>
<optionalTarget>true</optionalTarget>
<sourceEntity>7BFE06C1-158B-CE13-E863-89659F473866</sourceEntity>
<targetEntity>EBDC144B-BD7C-A512-7B1C-DED4208C6E0B</targetEntity>
<transferable>true</transferable>
<deleteRule>NO ACTION</deleteRule>
</InheritanceRelation>