<?xml version = '1.0' encoding = 'UTF-8'?>
<InheritanceRelation class="oracle.dbtools.crest.model.design.logical.InheritanceRelation" name="Hierarchy_3" directorySegmentName="seg_0" id="8BB5D49C-9C88-879D-D908-1CF2B7ED1B32">
<createdBy>CustomUserWin01</createdBy>
<createdTime>2018-11-25 12:00:52 UTC</createdTime>
<ownerDesignName>db project 2</ownerDesignName>
<engineerTo>
<item key="197A2D26-55FC-8B6A-D47A-46DD0FAAB3D9" value="true"/>
</engineerTo>
<identifying>false</identifying>
<nameOnSource>Super Type</nameOnSource>
<nameOnTarget>Sub Type</nameOnTarget>
<optionalSource>true</optionalSource>
<optionalTarget>true</optionalTarget>
<sourceEntity>1581F213-3C02-C4BE-94D8-75BB7858822C</sourceEntity>
<targetEntity>FE07F1DC-6339-C620-EBE3-5BABF9E44328</targetEntity>
<transferable>true</transferable>
<deleteRule>NO ACTION</deleteRule>
</InheritanceRelation>