<?xml version = '1.0' encoding = 'UTF-8'?>
<InheritanceRelation class="oracle.dbtools.crest.model.design.logical.InheritanceRelation" name="Hierarchy_1" directorySegmentName="seg_0" id="A3070B3C-D79B-D0FB-B195-053470535473">
<createdBy>CustomUserWin01</createdBy>
<createdTime>2018-11-25 11:58:10 UTC</createdTime>
<ownerDesignName>db project 2</ownerDesignName>
<engineerTo>
<item key="197A2D26-55FC-8B6A-D47A-46DD0FAAB3D9" value="true"/>
</engineerTo>
<identifying>false</identifying>
<nameOnSource>Super Type</nameOnSource>
<nameOnTarget>Sub Type</nameOnTarget>
<optionalSource>true</optionalSource>
<optionalTarget>true</optionalTarget>
<sourceEntity>1581F213-3C02-C4BE-94D8-75BB7858822C</sourceEntity>
<targetEntity>3A81F67F-BB47-06DE-8AD9-667CFB4BB3AE</targetEntity>
<transferable>true</transferable>
<deleteRule>NO ACTION</deleteRule>
</InheritanceRelation>