<?xml version = '1.0' encoding = 'UTF-8'?>
<InheritanceRelation class="oracle.dbtools.crest.model.design.logical.InheritanceRelation" name="Hierarchy_4" directorySegmentName="seg_0" id="B7916164-7214-825E-DCD8-E2BFA54BD523">
<createdBy>CustomUserWin01</createdBy>
<createdTime>2018-11-25 12:01:52 UTC</createdTime>
<ownerDesignName>db project 2</ownerDesignName>
<engineerTo>
<item key="197A2D26-55FC-8B6A-D47A-46DD0FAAB3D9" value="true"/>
</engineerTo>
<identifying>false</identifying>
<nameOnSource>Super Type</nameOnSource>
<nameOnTarget>Sub Type</nameOnTarget>
<optionalSource>true</optionalSource>
<optionalTarget>true</optionalTarget>
<sourceEntity>1581F213-3C02-C4BE-94D8-75BB7858822C</sourceEntity>
<targetEntity>B37706D3-7241-A8D1-788B-C14EAAD82A0B</targetEntity>
<transferable>true</transferable>
<deleteRule>NO ACTION</deleteRule>
</InheritanceRelation>