<?xml version = '1.0' encoding = 'UTF-8'?>
<FKArc class="oracle.dbtools.crest.model.design.relational.FKArc" directorySegmentName="seg_0" id="64490082-972A-CA59-7D28-B0B76B574FCA" name="FKArc_2">
<createdBy>hovhannes</createdBy>
<createdTime>2018-11-29 17:48:47 UTC</createdTime>
<ownerDesignName>datamodeler29.11</ownerDesignName>
<mandatory>false</mandatory>
<reverseArc>true</reverseArc>
<table>C4C7AD55-6723-4E1B-FD52-0A37A6A1D88D</table>
<fkeys>
<fkeyID>14435402-AED6-B0E3-254E-DBF04D7AF7C3</fkeyID>
<fkeyID>69DB9666-5FAB-C0D2-65C6-35CC147F0437</fkeyID>
</fkeys>
</FKArc>