<?xml version = '1.0' encoding = 'UTF-8'?>
<FKArc class="oracle.dbtools.crest.model.design.relational.FKArc" directorySegmentName="seg_0" id="E7583732-A5E9-BE96-5600-00F36E515E34" name="FKArc_1">
<createdBy>hovhannes</createdBy>
<createdTime>2018-11-29 17:48:47 UTC</createdTime>
<ownerDesignName>datamodeler29.11</ownerDesignName>
<mandatory>false</mandatory>
<reverseArc>true</reverseArc>
<table>0BDFD50C-02FF-18BE-C742-D229A1C5A0CB</table>
<fkeys>
<fkeyID>B3D3CB01-919B-553B-00D5-4826C3C3DEC7</fkeyID>
<fkeyID>78A5440A-AA32-0CD5-99F2-CB25402D2CBF</fkeyID>
<fkeyID>C94BC73E-C0C6-7748-2B67-3AE1FAC67C8C</fkeyID>
<fkeyID>2F4DA6E4-36BB-4613-6ED1-21DE5D100195</fkeyID>
</fkeys>
</FKArc>