<?xml version = '1.0' encoding = 'UTF-8'?>
<Relation class="oracle.dbtools.crest.model.design.logical.Relation" name="Relation_48" directorySegmentName="seg_0" id="099A95F7-8148-44A4-BDF9-CBC4DC8EC337">
<createdBy>hovhannes</createdBy>
<createdTime>2018-11-29 17:44:40 UTC</createdTime>
<ownerDesignName>datamodeler29.11</ownerDesignName>
<engineerTo>
<item key="197A2D26-55FC-8B6A-D47A-46DD0FAAB3D9" value="true"/>
</engineerTo>
<identifying>false</identifying>
<optionalSource>false</optionalSource>
<optionalTarget>true</optionalTarget>
<sourceCardinality>1</sourceCardinality>
<sourceEntity>7F407230-B80A-A01C-9E9B-F07817D72AD4</sourceEntity>
<targetCardinalityString>*</targetCardinalityString>
<targetEntity>8463E64F-5644-B75F-922A-22D022795551</targetEntity>
<transferable>true</transferable>
<deleteRule>NO ACTION</deleteRule>
</Relation>