<?xml version = '1.0' encoding = 'UTF-8'?>
<Relation class="oracle.dbtools.crest.model.design.logical.Relation" name="Relation_22" directorySegmentName="seg_0" id="09F58AA5-6E96-0D27-148E-C2930925ECE7">
<createdBy>CustomUserWin01</createdBy>
<createdTime>2018-11-25 13:59:53 UTC</createdTime>
<ownerDesignName>datamodeler29.11</ownerDesignName>
<engineerTo>
<item key="197A2D26-55FC-8B6A-D47A-46DD0FAAB3D9" value="true"/>
</engineerTo>
<targetPk>E5D6748F-235F-534C-7CEF-4F8F660C6395</targetPk>
<dominantRole>8A13655C-8CE0-DF66-EB74-B2E0623C935C</dominantRole>
<identifying>false</identifying>
<optionalSource>true</optionalSource>
<optionalTarget>true</optionalTarget>
<sourceCardinality>1</sourceCardinality>
<sourceEntity>3C2AD7CE-888C-4E37-C7B7-692BA425350F</sourceEntity>
<targetCardinalityString>1</targetCardinalityString>
<targetEntity>8A13655C-8CE0-DF66-EB74-B2E0623C935C</targetEntity>
<transferable>true</transferable>
<deleteRule>NO ACTION</deleteRule>
</Relation>