<?xml version = '1.0' encoding = 'UTF-8'?>
<Relation class="oracle.dbtools.crest.model.design.logical.Relation" name="Relation_42" directorySegmentName="seg_0" id="0A602EE0-C1A1-363D-A9D1-D67B7680505F">
<createdBy>CustomUserWin01</createdBy>
<createdTime>2018-11-27 16:47:51 UTC</createdTime>
<ownerDesignName>datamodeler29.11</ownerDesignName>
<engineerTo>
<item key="197A2D26-55FC-8B6A-D47A-46DD0FAAB3D9" value="true"/>
</engineerTo>
<sourcePk>01D55665-3109-7E63-8614-0373E584FE1E</sourcePk>
<identifying>false</identifying>
<optionalSource>true</optionalSource>
<optionalTarget>false</optionalTarget>
<sourceCardinality>1</sourceCardinality>
<sourceEntity>3C2AD7CE-888C-4E37-C7B7-692BA425350F</sourceEntity>
<targetCardinalityString>*</targetCardinalityString>
<targetEntity>37C1A765-13D4-66B9-9F23-3E9A2EA568BE</targetEntity>
<transferable>true</transferable>
<deleteRule>NO ACTION</deleteRule>
</Relation>