<?xml version = '1.0' encoding = 'UTF-8'?>
<Relation class="oracle.dbtools.crest.model.design.logical.Relation" name="Relation_50" directorySegmentName="seg_0" id="181C9E4A-59F7-DA71-169E-4565328D9A3E">
<createdBy>CustomUserWin01</createdBy>
<createdTime>2018-11-27 18:11:04 UTC</createdTime>
<ownerDesignName>datamodeler29.11</ownerDesignName>
<engineerTo>
<item key="197A2D26-55FC-8B6A-D47A-46DD0FAAB3D9" value="true"/>
</engineerTo>
<sourcePk>51F1B360-83C4-21B7-C29A-256AFE6BD17B</sourcePk>
<identifying>false</identifying>
<optionalSource>true</optionalSource>
<optionalTarget>false</optionalTarget>
<sourceCardinality>1</sourceCardinality>
<sourceEntity>FA03E2A2-C972-99D3-20E9-11DA949CB1AB</sourceEntity>
<targetCardinalityString>*</targetCardinalityString>
<targetEntity>46C40EEB-AA7E-F47B-5060-E6EAAEEE30EC</targetEntity>
<transferable>true</transferable>
<deleteRule>NO ACTION</deleteRule>
</Relation>