<?xml version = '1.0' encoding = 'UTF-8'?>
<Relation class="oracle.dbtools.crest.model.design.logical.Relation" name="Relation_44" directorySegmentName="seg_0" id="19C7D576-8775-E02E-B29B-283D2D587585">
<createdBy>CustomUserWin01</createdBy>
<createdTime>2018-11-27 17:38:01 UTC</createdTime>
<ownerDesignName>datamodeler29.11</ownerDesignName>
<engineerTo>
<item key="197A2D26-55FC-8B6A-D47A-46DD0FAAB3D9" value="true"/>
</engineerTo>
<targetPk>ED39201D-3024-C7A6-16E9-32CCE99660DB</targetPk>
<dominantRole>5D45CD1A-3883-FA20-87D6-497F2C31CDA4</dominantRole>
<identifying>false</identifying>
<optionalSource>true</optionalSource>
<optionalTarget>true</optionalTarget>
<sourceCardinality>1</sourceCardinality>
<sourceEntity>3C2AD7CE-888C-4E37-C7B7-692BA425350F</sourceEntity>
<targetCardinalityString>1</targetCardinalityString>
<targetEntity>5D45CD1A-3883-FA20-87D6-497F2C31CDA4</targetEntity>
<transferable>true</transferable>
<deleteRule>NO ACTION</deleteRule>
</Relation>