<?xml version = '1.0' encoding = 'UTF-8'?>
<Relation class="oracle.dbtools.crest.model.design.logical.Relation" name="Relation_46" directorySegmentName="seg_0" id="19F27700-B2CD-E069-D48A-785F154B669B">
<createdBy>CustomUserWin01</createdBy>
<createdTime>2018-11-27 17:46:57 UTC</createdTime>
<ownerDesignName>datamodeler29.11</ownerDesignName>
<engineerTo>
<item key="197A2D26-55FC-8B6A-D47A-46DD0FAAB3D9" value="true"/>
</engineerTo>
<sourcePk>8DD0DAEB-E4ED-1931-A5E8-04D92B616E91</sourcePk>
<dominantRole>E986DF1F-B5BB-A8AE-7602-F4A127ED7038</dominantRole>
<identifying>false</identifying>
<optionalSource>false</optionalSource>
<optionalTarget>false</optionalTarget>
<sourceCardinality>1</sourceCardinality>
<sourceEntity>E986DF1F-B5BB-A8AE-7602-F4A127ED7038</sourceEntity>
<targetCardinalityString>1</targetCardinalityString>
<targetEntity>37C1A765-13D4-66B9-9F23-3E9A2EA568BE</targetEntity>
<transferable>true</transferable>
<deleteRule>NO ACTION</deleteRule>
</Relation>