<?xml version = '1.0' encoding = 'UTF-8'?>
<Relation class="oracle.dbtools.crest.model.design.logical.Relation" name="Relation_13" directorySegmentName="seg_0" id="2A20AB44-D429-8573-09FE-4B128DC4D8F5">
<createdBy>CustomUserWin01</createdBy>
<createdTime>2018-11-25 13:28:01 UTC</createdTime>
<ownerDesignName>datamodeler29.11</ownerDesignName>
<engineerTo>
<item key="197A2D26-55FC-8B6A-D47A-46DD0FAAB3D9" value="true"/>
</engineerTo>
<sourcePk>144E0AC9-051F-BF5D-8E7F-D3EC56CB8794</sourcePk>
<dominantRole>F94AF530-9212-28EC-5E14-0478A084E42A</dominantRole>
<identifying>false</identifying>
<optionalSource>true</optionalSource>
<optionalTarget>true</optionalTarget>
<sourceCardinality>1</sourceCardinality>
<sourceEntity>F94AF530-9212-28EC-5E14-0478A084E42A</sourceEntity>
<targetCardinalityString>1</targetCardinalityString>
<targetEntity>FA03E2A2-C972-99D3-20E9-11DA949CB1AB</targetEntity>
<transferable>true</transferable>
<deleteRule>NO ACTION</deleteRule>
</Relation>