<?xml version = '1.0' encoding = 'UTF-8'?>
<Relation class="oracle.dbtools.crest.model.design.logical.Relation" name="Relation_33" directorySegmentName="seg_0" id="2DD54C6C-0299-3458-0F2B-AFA57C85E9F3">
<createdBy>CustomUserWin01</createdBy>
<createdTime>2018-11-25 14:17:47 UTC</createdTime>
<ownerDesignName>datamodeler29.11</ownerDesignName>
<engineerTo>
<item key="197A2D26-55FC-8B6A-D47A-46DD0FAAB3D9" value="true"/>
</engineerTo>
<sourcePk>2AFFCDA9-6CC9-5EFD-4F04-E72F677A2A20</sourcePk>
<identifying>false</identifying>
<optionalSource>true</optionalSource>
<optionalTarget>true</optionalTarget>
<sourceCardinality>1</sourceCardinality>
<sourceEntity>56675DCA-86A7-363B-C9C7-168965B8B860</sourceEntity>
<targetCardinalityString>*</targetCardinalityString>
<targetEntity>FA03E2A2-C972-99D3-20E9-11DA949CB1AB</targetEntity>
<transferable>true</transferable>
<deleteRule>NO ACTION</deleteRule>
</Relation>