<?xml version = '1.0' encoding = 'UTF-8'?>
<Relation class="oracle.dbtools.crest.model.design.logical.Relation" name="leagues_tvs" directorySegmentName="seg_0" id="4B1F20EB-C49D-C335-8954-831DCEE45C79">
<createdBy>CustomUserWin01</createdBy>
<createdTime>2018-11-25 14:23:02 UTC</createdTime>
<ownerDesignName>datamodeler29.11</ownerDesignName>
<engineerTo>
<item key="197A2D26-55FC-8B6A-D47A-46DD0FAAB3D9" value="true"/>
</engineerTo>
<identifying>false</identifying>
<optionalSource>true</optionalSource>
<optionalTarget>true</optionalTarget>
<sourceCardinality>*</sourceCardinality>
<sourceEntity>56675DCA-86A7-363B-C9C7-168965B8B860</sourceEntity>
<targetCardinalityString>*</targetCardinalityString>
<targetEntity>5E1A9221-28F4-9513-FB98-94C68CF89638</targetEntity>
<transferable>true</transferable>
<deleteRule>NO ACTION</deleteRule>
<attributes itemClass="oracle.dbtools.crest.model.design.logical.Attribute">
<attribute name="contract_date" id="534CE14C-C773-8E99-9682-A498B58C92D1">
<createdBy>CustomUserWin01</createdBy>
<createdTime>2018-11-25 14:23:29 UTC</createdTime>
<ownerDesignName>datamodeler29.11</ownerDesignName>
<engineerTo>
<item key="197A2D26-55FC-8B6A-D47A-46DD0FAAB3D9" value="true"/>
</engineerTo>
<nullsAllowed>true</nullsAllowed>
<useDomainConstraints>false</useDomainConstraints>
<use>1</use>
<logicalDatatype>LOGDT007</logicalDatatype>
<ownDataTypeParameters>,,</ownDataTypeParameters>
</attribute>
<attribute name="contract_type" id="1B33BB15-5F07-9CE8-4029-A74CBF62314F">
<createdBy>CustomUserWin01</createdBy>
<createdTime>2018-11-25 14:23:46 UTC</createdTime>
<ownerDesignName>datamodeler29.11</ownerDesignName>
<engineerTo>
<item key="197A2D26-55FC-8B6A-D47A-46DD0FAAB3D9" value="true"/>
</engineerTo>
<nullsAllowed>true</nullsAllowed>
<useDomainConstraints>false</useDomainConstraints>
<use>1</use>
<logicalDatatype>LOGDT024</logicalDatatype>
<dataTypeSize>50 CHAR</dataTypeSize>
<ownDataTypeParameters>50 CHAR,,</ownDataTypeParameters>
</attribute>
</attributes>
</Relation>