<?xml version = '1.0' encoding = 'UTF-8'?>
<Relation class="oracle.dbtools.crest.model.design.logical.Relation" name="Relation_6" directorySegmentName="seg_0" id="7C3AA9A7-96C4-3DD7-FCD8-F734122C58CF">
<createdBy>CustomUserWin01</createdBy>
<createdTime>2018-11-25 13:04:20 UTC</createdTime>
<ownerDesignName>datamodeler29.11</ownerDesignName>
<engineerTo>
<item key="197A2D26-55FC-8B6A-D47A-46DD0FAAB3D9" value="true"/>
</engineerTo>
<sourcePk>769EA94B-104D-85EB-56B3-CF214B885F22</sourcePk>
<identifying>false</identifying>
<optionalSource>true</optionalSource>
<optionalTarget>false</optionalTarget>
<sourceCardinality>1</sourceCardinality>
<sourceEntity>B37706D3-7241-A8D1-788B-C14EAAD82A0B</sourceEntity>
<targetCardinalityString>1</targetCardinalityString>
<targetEntity>46C40EEB-AA7E-F47B-5060-E6EAAEEE30EC</targetEntity>
<transferable>true</transferable>
<deleteRule>NO ACTION</deleteRule>
</Relation>