<?xml version = '1.0' encoding = 'UTF-8'?>
<Relation class="oracle.dbtools.crest.model.design.logical.Relation" name="Relation_9" directorySegmentName="seg_0" id="946E9F25-A349-0364-1AB5-B84A68B5B20B">
<createdBy>CustomUserWin01</createdBy>
<createdTime>2018-11-25 13:17:13 UTC</createdTime>
<ownerDesignName>datamodeler29.11</ownerDesignName>
<engineerTo>
<item key="197A2D26-55FC-8B6A-D47A-46DD0FAAB3D9" value="true"/>
</engineerTo>
<sourcePk>51F1B360-83C4-21B7-C29A-256AFE6BD17B</sourcePk>
<identifying>false</identifying>
<optionalSource>true</optionalSource>
<optionalTarget>true</optionalTarget>
<sourceCardinality>1</sourceCardinality>
<sourceEntity>FA03E2A2-C972-99D3-20E9-11DA949CB1AB</sourceEntity>
<targetCardinalityString>*</targetCardinalityString>
<targetEntity>3A81F67F-BB47-06DE-8AD9-667CFB4BB3AE</targetEntity>
<transferable>true</transferable>
<deleteRule>NO ACTION</deleteRule>
</Relation>