<?xml version = '1.0' encoding = 'UTF-8'?>
<Relation class="oracle.dbtools.crest.model.design.logical.Relation" name="Relation_24" directorySegmentName="seg_0" id="A99D51DF-EA2D-A66D-C327-22690DCF96E4">
<createdBy>CustomUserWin01</createdBy>
<createdTime>2018-11-25 14:08:26 UTC</createdTime>
<ownerDesignName>datamodeler29.11</ownerDesignName>
<engineerTo>
<item key="197A2D26-55FC-8B6A-D47A-46DD0FAAB3D9" value="true"/>
</engineerTo>
<sourcePk>CF682070-CFBD-78C9-45C5-98279428DE45</sourcePk>
<identifying>false</identifying>
<optionalSource>true</optionalSource>
<optionalTarget>false</optionalTarget>
<sourceCardinality>1</sourceCardinality>
<sourceEntity>05E776F8-F4F0-9473-EF71-C7C182986CAB</sourceEntity>
<targetCardinalityString>*</targetCardinalityString>
<targetEntity>3C2AD7CE-888C-4E37-C7B7-692BA425350F</targetEntity>
<transferable>true</transferable>
<deleteRule>NO ACTION</deleteRule>
</Relation>