<?xml version = '1.0' encoding = 'UTF-8'?>
<Relation class="oracle.dbtools.crest.model.design.logical.Relation" name="Relation_36" directorySegmentName="seg_0" id="AE746783-5CE7-D998-D7FC-D95ADE459B33">
<createdBy>CustomUserWin01</createdBy>
<createdTime>2018-11-25 14:22:33 UTC</createdTime>
<ownerDesignName>datamodeler29.11</ownerDesignName>
<engineerTo>
<item key="197A2D26-55FC-8B6A-D47A-46DD0FAAB3D9" value="true"/>
</engineerTo>
<sourcePk>205C0251-DAD6-ACAB-93A9-0CCF8563117A</sourcePk>
<identifying>false</identifying>
<optionalSource>true</optionalSource>
<optionalTarget>true</optionalTarget>
<sourceCardinality>1</sourceCardinality>
<sourceEntity>5E1A9221-28F4-9513-FB98-94C68CF89638</sourceEntity>
<targetCardinalityString>*</targetCardinalityString>
<targetEntity>B0775516-3ADF-0E10-F6C9-F99C36CD6A0E</targetEntity>
<transferable>true</transferable>
<deleteRule>NO ACTION</deleteRule>
</Relation>