<?xml version = '1.0' encoding = 'UTF-8'?>
<Relation class="oracle.dbtools.crest.model.design.logical.Relation" name="Relation_25" directorySegmentName="seg_0" id="B4AF6CD0-0C6E-DBA8-E87E-2CBF8FA61E3E">
<createdBy>CustomUserWin01</createdBy>
<createdTime>2018-11-25 14:11:57 UTC</createdTime>
<ownerDesignName>datamodeler29.11</ownerDesignName>
<engineerTo>
<item key="197A2D26-55FC-8B6A-D47A-46DD0FAAB3D9" value="true"/>
</engineerTo>
<sourcePk>01D55665-3109-7E63-8614-0373E584FE1E</sourcePk>
<identifying>false</identifying>
<optionalSource>true</optionalSource>
<optionalTarget>false</optionalTarget>
<sourceCardinality>1</sourceCardinality>
<sourceEntity>3C2AD7CE-888C-4E37-C7B7-692BA425350F</sourceEntity>
<targetCardinalityString>*</targetCardinalityString>
<targetEntity>EAEF72C6-B583-8931-9D2C-9C7B4EE58D58</targetEntity>
<transferable>true</transferable>
<deleteRule>NO ACTION</deleteRule>
</Relation>