<?xml version = '1.0' encoding = 'UTF-8'?>
<Relation class="oracle.dbtools.crest.model.design.logical.Relation" name="teams_sponsors" directorySegmentName="seg_0" id="C9B9EF83-4D95-4092-4CE2-DD792CF150EC">
<createdBy>CustomUserWin01</createdBy>
<createdTime>2018-11-25 13:12:53 UTC</createdTime>
<ownerDesignName>datamodeler29.11</ownerDesignName>
<engineerTo>
<item key="197A2D26-55FC-8B6A-D47A-46DD0FAAB3D9" value="true"/>
</engineerTo>
<identifying>false</identifying>
<optionalSource>true</optionalSource>
<optionalTarget>true</optionalTarget>
<sourceCardinality>*</sourceCardinality>
<sourceEntity>1611C90E-39B2-DD42-C826-56E4FFF19233</sourceEntity>
<targetCardinalityString>*</targetCardinalityString>
<targetEntity>FA03E2A2-C972-99D3-20E9-11DA949CB1AB</targetEntity>
<transferable>true</transferable>
<deleteRule>NO ACTION</deleteRule>
</Relation>