<?xml version = '1.0' encoding = 'UTF-8'?>
<Relation class="oracle.dbtools.crest.model.design.logical.Relation" name="Relation_2" directorySegmentName="seg_0" id="D3B88115-72FD-04AF-98B7-5364A1BB7E60">
<createdBy>CustomUserWin01</createdBy>
<createdTime>2018-11-25 12:11:39 UTC</createdTime>
<ownerDesignName>datamodeler29.11</ownerDesignName>
<engineerTo>
<item key="197A2D26-55FC-8B6A-D47A-46DD0FAAB3D9" value="true"/>
</engineerTo>
<sourcePk>45BF6A25-9400-F521-ED90-B03051C84A87</sourcePk>
<identifying>false</identifying>
<optionalSource>true</optionalSource>
<optionalTarget>true</optionalTarget>
<sourceCardinality>1</sourceCardinality>
<sourceEntity>B3ED8BEF-587B-488D-7235-6B3A82FC01A0</sourceEntity>
<targetCardinalityString>*</targetCardinalityString>
<targetEntity>B37706D3-7241-A8D1-788B-C14EAAD82A0B</targetEntity>
<transferable>true</transferable>
<deleteRule>NO ACTION</deleteRule>
</Relation>