<?xml version = '1.0' encoding = 'UTF-8'?>
<Relation class="oracle.dbtools.crest.model.design.logical.Relation" name="Relation_35" directorySegmentName="seg_0" id="D4C5169B-A8D6-12C1-21AB-A155924CE12C">
<createdBy>CustomUserWin01</createdBy>
<createdTime>2018-11-25 14:20:20 UTC</createdTime>
<ownerDesignName>datamodeler29.11</ownerDesignName>
<engineerTo>
<item key="197A2D26-55FC-8B6A-D47A-46DD0FAAB3D9" value="true"/>
</engineerTo>
<targetPk>6DE613CC-7A38-ED6E-8E7D-708BAB038873</targetPk>
<dominantRole>B0775516-3ADF-0E10-F6C9-F99C36CD6A0E</dominantRole>
<identifying>false</identifying>
<optionalSource>true</optionalSource>
<optionalTarget>true</optionalTarget>
<sourceCardinality>1</sourceCardinality>
<sourceEntity>3C2AD7CE-888C-4E37-C7B7-692BA425350F</sourceEntity>
<targetCardinalityString>1</targetCardinalityString>
<targetEntity>B0775516-3ADF-0E10-F6C9-F99C36CD6A0E</targetEntity>
<transferable>true</transferable>
<deleteRule>NO ACTION</deleteRule>
</Relation>