<?xml version = '1.0' encoding = 'UTF-8'?>
<Relation class="oracle.dbtools.crest.model.design.logical.Relation" name="Relation_12" directorySegmentName="seg_0" id="DFCCD400-30FE-FA39-DD15-ADDFAFC8E1E5">
<createdBy>CustomUserWin01</createdBy>
<createdTime>2018-11-25 13:22:19 UTC</createdTime>
<ownerDesignName>datamodeler29.11</ownerDesignName>
<engineerTo>
<item key="197A2D26-55FC-8B6A-D47A-46DD0FAAB3D9" value="true"/>
</engineerTo>
<sourcePk>51F1B360-83C4-21B7-C29A-256AFE6BD17B</sourcePk>
<identifying>false</identifying>
<optionalSource>true</optionalSource>
<optionalTarget>true</optionalTarget>
<sourceCardinality>1</sourceCardinality>
<sourceEntity>FA03E2A2-C972-99D3-20E9-11DA949CB1AB</sourceEntity>
<targetCardinalityString>*</targetCardinalityString>
<targetEntity>B37706D3-7241-A8D1-788B-C14EAAD82A0B</targetEntity>
<transferable>true</transferable>
<deleteRule>NO ACTION</deleteRule>
</Relation>