<?xml version = '1.0' encoding = 'UTF-8'?>
<Diagram class="oracle.dbtools.crest.swingui.logical.DPVLogical" name="Logical" id="D9539DC1-03BC-5D55-8150-23AAE61C46FB">
<createdBy>CustomUserWin01</createdBy>
<modifiedBy>CustomUserWin01</modifiedBy>
<createdTime>2018-11-25 11:54:28 UTC</createdTime>
<autoRoute>false</autoRoute>
<boxInbox>false</boxInbox>
<showLegend>false</showLegend>
<showLabels>false</showLabels>
<showRelAttributes>false</showRelAttributes>
<gridEnabled>false</gridEnabled>
<showGrid>false</showGrid>
<diagramColor>-1</diagramColor>
<display>false</display>
<notation>1</notation>
<objectViews>
<OView class="oracle.dbtools.crest.swingui.logical.TVEntity" oid="05E776F8-F4F0-9473-EF71-C7C182986CAB" otype="Entity" vid="E3E1F14A-D83F-56DD-2E5F-5A24C4F1DBAE">
<hideElementsInCurrentOnly>false</hideElementsInCurrentOnly>
<bounds x="1649" y="785" width="128" height="114"/>
</OView>
<OView class="oracle.dbtools.crest.swingui.logical.TVEntity" oid="101878D7-8D65-E768-FC3D-C7FB368285EE" otype="Entity" vid="7B7883F2-424D-F9D9-169E-7509085E02C5">
<hideElementsInCurrentOnly>false</hideElementsInCurrentOnly>
<bounds x="178" y="1520" width="160" height="143"/>
</OView>
<OView class="oracle.dbtools.crest.swingui.logical.TVEntity" oid="1581F213-3C02-C4BE-94D8-75BB7858822C" otype="Entity" vid="2E35E650-7340-49B0-E143-1CC4EA320708">
<hideElementsInCurrentOnly>false</hideElementsInCurrentOnly>
<bounds x="188" y="55" width="129" height="140"/>
</OView>
<OView class="oracle.dbtools.crest.swingui.logical.TVEntity" oid="1611C90E-39B2-DD42-C826-56E4FFF19233" otype="Entity" vid="11C176B1-2D79-5829-5E36-54AB3E77F904">
<hideElementsInCurrentOnly>false</hideElementsInCurrentOnly>
<bounds x="624" y="430" width="159" height="65"/>
</OView>
<OView class="oracle.dbtools.crest.swingui.logical.TVEntity" oid="25B0B32A-1F73-EA0E-CE4D-4DA6989DBF54" otype="Entity" vid="FAA4E6CE-0241-1AC4-3661-D8A6D288CF8A">
<hideElementsInCurrentOnly>false</hideElementsInCurrentOnly>
<bounds x="191" y="426" width="109" height="120"/>
</OView>
<OView class="oracle.dbtools.crest.swingui.logical.TVEntity" oid="37C1A765-13D4-66B9-9F23-3E9A2EA568BE" otype="Entity" vid="365606ED-E9B5-8C8E-C61A-66501D6CD5FB">
<hideElementsInCurrentOnly>false</hideElementsInCurrentOnly>
<bounds x="1799" y="441" width="236" height="247"/>
</OView>
<OView class="oracle.dbtools.crest.swingui.logical.TVEntity" oid="3A81F67F-BB47-06DE-8AD9-667CFB4BB3AE" otype="Entity" vid="3BFEE0E2-E689-B170-AAFB-FD84D6238F1A">
<hideElementsInCurrentOnly>false</hideElementsInCurrentOnly>
<bounds x="48" y="550" width="109" height="120"/>
</OView>
<OView class="oracle.dbtools.crest.swingui.logical.TVEntity" oid="3C2AD7CE-888C-4E37-C7B7-692BA425350F" otype="Entity" vid="94189497-44F1-FCAB-BD94-BAD0DE77D49A">
<hideElementsInCurrentOnly>false</hideElementsInCurrentOnly>
<bounds x="1349" y="593" width="133" height="141"/>
</OView>
<OView class="oracle.dbtools.crest.swingui.logical.TVEntity" oid="46C40EEB-AA7E-F47B-5060-E6EAAEEE30EC" otype="Entity" vid="4F56C43E-359F-C0B1-1254-428529DE3267">
<hideElementsInCurrentOnly>false</hideElementsInCurrentOnly>
<bounds x="1269" y="455" width="168" height="106"/>
</OView>
<OView class="oracle.dbtools.crest.swingui.logical.TVEntity" oid="56675DCA-86A7-363B-C9C7-168965B8B860" otype="Entity" vid="DEC19E57-E29D-D7AF-2726-8504B3971A86">
<hideElementsInCurrentOnly>false</hideElementsInCurrentOnly>
<bounds x="928" y="886" width="180" height="188"/>
</OView>
<OView class="oracle.dbtools.crest.swingui.logical.TVEntity" oid="56F1456D-7E4F-5C7A-4B03-3D86F2BF9C01" otype="Entity" vid="EB3A3AD7-026C-93C4-A2E6-F9F08D4A472B">
<hideElementsInCurrentOnly>false</hideElementsInCurrentOnly>
<bounds x="463" y="0" width="87" height="98"/>
</OView>
<OView class="oracle.dbtools.crest.swingui.logical.TVEntity" oid="5C7D993B-31B2-9961-D931-E8C3E12BE827" otype="Entity" vid="ACBCB372-2AB0-7A24-766A-C972807FC64A">
<hideElementsInCurrentOnly>false</hideElementsInCurrentOnly>
<bounds x="1048" y="92" width="170" height="110"/>
</OView>
<OView class="oracle.dbtools.crest.swingui.logical.TVEntity" oid="5D45CD1A-3883-FA20-87D6-497F2C31CDA4" otype="Entity" vid="65543959-A308-1CEF-4B00-400B20B873D8">
<hideElementsInCurrentOnly>false</hideElementsInCurrentOnly>
<bounds x="1446" y="492" width="77" height="115"/>
</OView>
<OView class="oracle.dbtools.crest.swingui.logical.TVEntity" oid="5E1A9221-28F4-9513-FB98-94C68CF89638" otype="Entity" vid="5770AF01-C15D-0BB3-FCF1-E388AB504B1B">
<hideElementsInCurrentOnly>false</hideElementsInCurrentOnly>
<bounds x="1385" y="1325" width="162" height="210"/>
</OView>
<OView class="oracle.dbtools.crest.swingui.logical.TVEntity" oid="782772BF-7A0C-A9CC-2CE2-79DF340AF125" otype="Entity" vid="ED94EAA7-A3AE-44B2-ECF3-3491C5953858">
<hideElementsInCurrentOnly>false</hideElementsInCurrentOnly>
<bounds x="463" y="838" width="136" height="94"/>
</OView>
<OView class="oracle.dbtools.crest.swingui.logical.TVEntity" oid="7BFE06C1-158B-CE13-E863-89659F473866" otype="Entity" vid="84413766-3313-AA3D-9BD2-25C5E4EB5862">
<hideElementsInCurrentOnly>false</hideElementsInCurrentOnly>
<bounds x="566" y="1014" width="107" height="81"/>
</OView>
<OView class="oracle.dbtools.crest.swingui.logical.TVEntity" oid="7F407230-B80A-A01C-9E9B-F07817D72AD4" otype="Entity" vid="47DD5E13-6BB6-AFBF-8D15-25C4B0A4574D">
<hideElementsInCurrentOnly>false</hideElementsInCurrentOnly>
<bounds x="1053" y="1433" width="170" height="110"/>
</OView>
<OView class="oracle.dbtools.crest.swingui.logical.TVEntity" oid="8463E64F-5644-B75F-922A-22D022795551" otype="Entity" vid="B7B7BB73-3122-D300-124F-D587D4C15336">
<hideElementsInCurrentOnly>false</hideElementsInCurrentOnly>
<bounds x="859" y="1138" width="131" height="120"/>
</OView>
<OView class="oracle.dbtools.crest.swingui.logical.TVEntity" oid="8A13655C-8CE0-DF66-EB74-B2E0623C935C" otype="Entity" vid="4013A815-7F88-4ECC-51CA-EF7018768336">
<hideElementsInCurrentOnly>false</hideElementsInCurrentOnly>
<bounds x="1024" y="680" width="131" height="106"/>
</OView>
<OView class="oracle.dbtools.crest.swingui.logical.TVEntity" oid="AA0E3D9A-110D-71E2-E74B-939F77C75062" otype="Entity" vid="B780AD83-FF2B-7A58-2C4B-10A30F43BA38">
<hideElementsInCurrentOnly>false</hideElementsInCurrentOnly>
<bounds x="1228" y="226" width="151" height="173"/>
</OView>
<OView class="oracle.dbtools.crest.swingui.logical.TVEntity" oid="B0775516-3ADF-0E10-F6C9-F99C36CD6A0E" otype="Entity" vid="1B29A41E-9480-5369-FC28-90C0534A6342">
<hideElementsInCurrentOnly>false</hideElementsInCurrentOnly>
<bounds x="1259" y="966" width="136" height="194"/>
</OView>
<OView class="oracle.dbtools.crest.swingui.logical.TVEntity" oid="B37706D3-7241-A8D1-788B-C14EAAD82A0B" otype="Entity" vid="C29367D3-8665-B6EB-176A-1EC9F3CAAF7D">
<hideElementsInCurrentOnly>false</hideElementsInCurrentOnly>
<bounds x="455" y="131" width="139" height="155"/>
</OView>
<OView class="oracle.dbtools.crest.swingui.logical.TVEntity" oid="B3ED8BEF-587B-488D-7235-6B3A82FC01A0" otype="Entity" vid="D20A4619-850D-7965-EF92-F943F04AC2CF">
<hideElementsInCurrentOnly>false</hideElementsInCurrentOnly>
<bounds x="710" y="26" width="129" height="122"/>
</OView>
<OView class="oracle.dbtools.crest.swingui.logical.TVEntity" oid="DDCCAA4F-591D-917A-42F1-6B4168CA3DD2" otype="Entity" vid="3C5188E8-A7FF-EAAB-425E-D6B8671A5B3F">
<hideElementsInCurrentOnly>false</hideElementsInCurrentOnly>
<bounds x="467" y="1303" width="158" height="134"/>
</OView>
<OView class="oracle.dbtools.crest.swingui.logical.TVEntity" oid="E986DF1F-B5BB-A8AE-7602-F4A127ED7038" otype="Entity" vid="506C5A13-F01C-7F14-9A6C-9644A37CC2C5">
<hideElementsInCurrentOnly>false</hideElementsInCurrentOnly>
<bounds x="1521" y="2" width="97" height="98"/>
</OView>
<OView class="oracle.dbtools.crest.swingui.logical.TVEntity" oid="EAEF72C6-B583-8931-9D2C-9C7B4EE58D58" otype="Entity" vid="3F864E62-E7E6-7D37-BEAC-A20B4E679808">
<hideElementsInCurrentOnly>false</hideElementsInCurrentOnly>
<bounds x="1557" y="956" width="152" height="123"/>
</OView>
<OView class="oracle.dbtools.crest.swingui.logical.TVEntity" oid="EBDC144B-BD7C-A512-7B1C-DED4208C6E0B" otype="Entity" vid="2972088B-2D3D-DF68-6E6D-C39EC661140B">
<hideElementsInCurrentOnly>false</hideElementsInCurrentOnly>
<bounds x="651" y="1293" width="145" height="131"/>
</OView>
<OView class="oracle.dbtools.crest.swingui.logical.TVEntity" oid="F94AF530-9212-28EC-5E14-0478A084E42A" otype="Entity" vid="342B7EC0-15B1-F915-202A-44F9065C142F">
<hideElementsInCurrentOnly>false</hideElementsInCurrentOnly>
<bounds x="216" y="666" width="109" height="101"/>
</OView>
<OView class="oracle.dbtools.crest.swingui.logical.TVEntity" oid="FA03E2A2-C972-99D3-20E9-11DA949CB1AB" otype="Entity" vid="B8D18934-3883-E671-65E6-9E40375434C2">
<hideElementsInCurrentOnly>false</hideElementsInCurrentOnly>
<bounds x="482" y="574" width="242" height="146"/>
</OView>
<OView class="oracle.dbtools.crest.swingui.logical.TVEntity" oid="FE07F1DC-6339-C620-EBE3-5BABF9E44328" otype="Entity" vid="EC92B9D2-09EE-57F9-FC42-3D99E10707F9">
<hideElementsInCurrentOnly>false</hideElementsInCurrentOnly>
<bounds x="336" y="323" width="103" height="128"/>
</OView>
</objectViews>
<connectors>
<Connector class="oracle.dbtools.crest.swingui.logical.TVRelation" oid="0271AC62-F6DD-42E2-5DA0-9FA60B23E762" otype="Relation" vid_source="C29367D3-8665-B6EB-176A-1EC9F3CAAF7D" vid_target="365606ED-E9B5-8C8E-C61A-66501D6CD5FB">
<hideElementsInCurrentOnly>false</hideElementsInCurrentOnly>
<backgroundColor>-16777216</backgroundColor>
<lineWidth>1</lineWidth>
<points>
<point x="594" y="226"/>
<point x="1799" y="534"/>
</points>
</Connector>
<Connector class="oracle.dbtools.crest.swingui.logical.TVRelation" oid="04A6BDB6-4DF2-C676-89EC-1A9E807E8EE5" otype="Relation" vid_source="EC92B9D2-09EE-57F9-FC42-3D99E10707F9" vid_target="B8D18934-3883-E671-65E6-9E40375434C2">
<hideElementsInCurrentOnly>false</hideElementsInCurrentOnly>
<backgroundColor>-16777216</backgroundColor>
<lineWidth>1</lineWidth>
<points>
<point x="439" y="449"/>
<point x="542" y="574"/>
</points>
</Connector>
<Connector class="oracle.dbtools.crest.swingui.logical.TVRelation" oid="099A95F7-8148-44A4-BDF9-CBC4DC8EC337" otype="Relation" vid_source="47DD5E13-6BB6-AFBF-8D15-25C4B0A4574D" vid_target="B7B7BB73-3122-D300-124F-D587D4C15336">
<hideElementsInCurrentOnly>false</hideElementsInCurrentOnly>
<backgroundColor>-16777216</backgroundColor>
<lineWidth>1</lineWidth>
<points>
<point x="1097" y="1433"/>
<point x="968" y="1258"/>
</points>
</Connector>
<Connector class="oracle.dbtools.crest.swingui.logical.TVRelation" oid="09F58AA5-6E96-0D27-148E-C2930925ECE7" otype="Relation" vid_source="94189497-44F1-FCAB-BD94-BAD0DE77D49A" vid_target="4013A815-7F88-4ECC-51CA-EF7018768336">
<hideElementsInCurrentOnly>false</hideElementsInCurrentOnly>
<backgroundColor>-16777216</backgroundColor>
<lineWidth>1</lineWidth>
<points>
<point x="1349" y="692"/>
<point x="1155" y="692"/>
</points>
</Connector>
<Connector class="oracle.dbtools.crest.swingui.logical.TVRelation" oid="0A602EE0-C1A1-363D-A9D1-D67B7680505F" otype="Relation" vid_source="94189497-44F1-FCAB-BD94-BAD0DE77D49A" vid_target="365606ED-E9B5-8C8E-C61A-66501D6CD5FB">
<hideElementsInCurrentOnly>false</hideElementsInCurrentOnly>
<backgroundColor>-16777216</backgroundColor>
<lineWidth>1</lineWidth>
<points>
<point x="1482" y="640"/>
<point x="1799" y="640"/>
</points>
</Connector>
<Connector class="oracle.dbtools.crest.swingui.logical.TVRelation" oid="0EE134BE-9213-8A08-2C37-3810D53A14E9" otype="Relation" vid_source="B8D18934-3883-E671-65E6-9E40375434C2" vid_target="84413766-3313-AA3D-9BD2-25C5E4EB5862">
<hideElementsInCurrentOnly>false</hideElementsInCurrentOnly>
<backgroundColor>-16777216</backgroundColor>
<lineWidth>1</lineWidth>
<points>
<point x="619" y="720"/>
<point x="619" y="1014"/>
</points>
</Connector>
<Connector class="oracle.dbtools.crest.swingui.logical.TVRelation" oid="14BDF126-29EF-3CB2-47BC-D14F9FC32486" otype="Relation" vid_source="C29367D3-8665-B6EB-176A-1EC9F3CAAF7D" vid_target="365606ED-E9B5-8C8E-C61A-66501D6CD5FB">
<hideElementsInCurrentOnly>false</hideElementsInCurrentOnly>
<backgroundColor>-16777216</backgroundColor>
<lineWidth>1</lineWidth>
<points>
<point x="594" y="226"/>
<point x="1799" y="534"/>
</points>
</Connector>
<Connector class="oracle.dbtools.crest.swingui.logical.TVRelation" oid="181C9E4A-59F7-DA71-169E-4565328D9A3E" otype="Relation" vid_source="B8D18934-3883-E671-65E6-9E40375434C2" vid_target="4F56C43E-359F-C0B1-1254-428529DE3267">
<hideElementsInCurrentOnly>false</hideElementsInCurrentOnly>
<backgroundColor>-16777216</backgroundColor>
<lineWidth>1</lineWidth>
<points>
<point x="724" y="624"/>
<point x="1269" y="523"/>
</points>
</Connector>
<Connector class="oracle.dbtools.crest.swingui.logical.TVRelation" oid="19C7D576-8775-E02E-B29B-283D2D587585" otype="Relation" vid_source="94189497-44F1-FCAB-BD94-BAD0DE77D49A" vid_target="65543959-A308-1CEF-4B00-400B20B873D8">
<hideElementsInCurrentOnly>false</hideElementsInCurrentOnly>
<backgroundColor>-16777216</backgroundColor>
<lineWidth>1</lineWidth>
<points>
<point x="1482" y="600"/>
<point x="1446" y="600"/>
</points>
</Connector>
<Connector class="oracle.dbtools.crest.swingui.logical.TVRelation" oid="19F27700-B2CD-E069-D48A-785F154B669B" otype="Relation" vid_source="506C5A13-F01C-7F14-9A6C-9644A37CC2C5" vid_target="365606ED-E9B5-8C8E-C61A-66501D6CD5FB">
<hideElementsInCurrentOnly>false</hideElementsInCurrentOnly>
<backgroundColor>-16777216</backgroundColor>
<lineWidth>1</lineWidth>
<points>
<point x="1602" y="100"/>
<point x="1833" y="441"/>
</points>
</Connector>
<Connector class="oracle.dbtools.crest.swingui.logical.TVInheritanceRelation" oid="2142FBDE-F060-534F-E191-2D21674E2393" otype="Hierarchy relation" vid_source="2E35E650-7340-49B0-E143-1CC4EA320708" vid_target="FAA4E6CE-0241-1AC4-3661-D8A6D288CF8A">
<hideElementsInCurrentOnly>false</hideElementsInCurrentOnly>
<backgroundColor>-65536</backgroundColor>
<lineWidth>1</lineWidth>
<points>
<point x="245" y="195"/>
<point x="245" y="426"/>
</points>
</Connector>
<Connector class="oracle.dbtools.crest.swingui.logical.TVInheritanceRelation" oid="29060B41-9C9D-514F-5F60-9582CE8F59F3" otype="Hierarchy relation" vid_source="84413766-3313-AA3D-9BD2-25C5E4EB5862" vid_target="2972088B-2D3D-DF68-6E6D-C39EC661140B">
<hideElementsInCurrentOnly>false</hideElementsInCurrentOnly>
<backgroundColor>-65536</backgroundColor>
<lineWidth>1</lineWidth>
<points>
<point x="662" y="1095"/>
<point x="662" y="1293"/>
</points>
</Connector>
<Connector class="oracle.dbtools.crest.swingui.logical.TVRelation" oid="2A20AB44-D429-8573-09FE-4B128DC4D8F5" otype="Relation" vid_source="342B7EC0-15B1-F915-202A-44F9065C142F" vid_target="B8D18934-3883-E671-65E6-9E40375434C2">
<hideElementsInCurrentOnly>false</hideElementsInCurrentOnly>
<backgroundColor>-16777216</backgroundColor>
<lineWidth>1</lineWidth>
<points>
<point x="325" y="693"/>
<point x="482" y="693"/>
</points>
</Connector>
<Connector class="oracle.dbtools.crest.swingui.logical.TVRelation" oid="2DD54C6C-0299-3458-0F2B-AFA57C85E9F3" otype="Relation" vid_source="DEC19E57-E29D-D7AF-2726-8504B3971A86" vid_target="B8D18934-3883-E671-65E6-9E40375434C2">
<hideElementsInCurrentOnly>false</hideElementsInCurrentOnly>
<backgroundColor>-16777216</backgroundColor>
<lineWidth>1</lineWidth>
<points>
<point x="928" y="907"/>
<point x="693" y="720"/>
</points>
</Connector>
<Connector class="oracle.dbtools.crest.swingui.logical.TVRelation" oid="4B1F20EB-C49D-C335-8954-831DCEE45C79" otype="Relation" vid_source="DEC19E57-E29D-D7AF-2726-8504B3971A86" vid_target="5770AF01-C15D-0BB3-FCF1-E388AB504B1B">
<hideElementsInCurrentOnly>false</hideElementsInCurrentOnly>
<backgroundColor>-16777216</backgroundColor>
<lineWidth>1</lineWidth>
<points>
<point x="1108" y="1070"/>
<point x="1385" y="1348"/>
</points>
</Connector>
<Connector class="oracle.dbtools.crest.swingui.logical.TVRelation" oid="4FEBAEDD-74C6-2EBC-ECB0-CCAE80BA4166" otype="Relation" vid_source="B8D18934-3883-E671-65E6-9E40375434C2" vid_target="FAA4E6CE-0241-1AC4-3661-D8A6D288CF8A">
<hideElementsInCurrentOnly>false</hideElementsInCurrentOnly>
<backgroundColor>-16777216</backgroundColor>
<lineWidth>1</lineWidth>
<points>
<point x="482" y="592"/>
<point x="300" y="510"/>
</points>
</Connector>
<Connector class="oracle.dbtools.crest.swingui.logical.TVInheritanceRelation" oid="56FD68AC-9406-B88A-4AE7-9AF27AE5C1B4" otype="Hierarchy relation" vid_source="84413766-3313-AA3D-9BD2-25C5E4EB5862" vid_target="3C5188E8-A7FF-EAAB-425E-D6B8671A5B3F">
<hideElementsInCurrentOnly>false</hideElementsInCurrentOnly>
<backgroundColor>-65536</backgroundColor>
<lineWidth>1</lineWidth>
<points>
<point x="595" y="1095"/>
<point x="595" y="1303"/>
</points>
</Connector>
<Connector class="oracle.dbtools.crest.swingui.logical.TVRelation" oid="69898112-87C7-E9D6-32D3-00EA35C12624" otype="Relation" vid_source="C29367D3-8665-B6EB-176A-1EC9F3CAAF7D" vid_target="ACBCB372-2AB0-7A24-766A-C972807FC64A">
<hideElementsInCurrentOnly>false</hideElementsInCurrentOnly>
<backgroundColor>-16777216</backgroundColor>
<lineWidth>1</lineWidth>
<points>
<point x="594" y="166"/>
<point x="1048" y="166"/>
</points>
</Connector>
<Connector class="oracle.dbtools.crest.swingui.logical.TVRelation" oid="715469D6-A5DA-73E4-971E-58E98F1AF303" otype="Relation" vid_source="DEC19E57-E29D-D7AF-2726-8504B3971A86" vid_target="94189497-44F1-FCAB-BD94-BAD0DE77D49A">
<hideElementsInCurrentOnly>false</hideElementsInCurrentOnly>
<backgroundColor>-16777216</backgroundColor>
<lineWidth>1</lineWidth>
<points>
<point x="1108" y="908"/>
<point x="1349" y="716"/>
</points>
</Connector>
<Connector class="oracle.dbtools.crest.swingui.logical.TVRelation" oid="72F96FF3-6E6A-0626-D105-3FBA4E25B7E2" otype="Relation" vid_source="B8D18934-3883-E671-65E6-9E40375434C2" vid_target="4F56C43E-359F-C0B1-1254-428529DE3267">
<hideElementsInCurrentOnly>false</hideElementsInCurrentOnly>
<backgroundColor>-16777216</backgroundColor>
<lineWidth>1</lineWidth>
<points>
<point x="724" y="624"/>
<point x="1269" y="523"/>
</points>
</Connector>
<Connector class="oracle.dbtools.crest.swingui.logical.TVRelation" oid="7C3AA9A7-96C4-3DD7-FCD8-F734122C58CF" otype="Relation" vid_source="C29367D3-8665-B6EB-176A-1EC9F3CAAF7D" vid_target="4F56C43E-359F-C0B1-1254-428529DE3267">
<hideElementsInCurrentOnly>false</hideElementsInCurrentOnly>
<backgroundColor>-16777216</backgroundColor>
<lineWidth>1</lineWidth>
<points>
<point x="594" y="233"/>
<point x="1269" y="477"/>
</points>
</Connector>
<Connector class="oracle.dbtools.crest.swingui.logical.TVInheritanceRelation" oid="8BB5D49C-9C88-879D-D908-1CF2B7ED1B32" otype="Hierarchy relation" vid_source="2E35E650-7340-49B0-E143-1CC4EA320708" vid_target="EC92B9D2-09EE-57F9-FC42-3D99E10707F9">
<hideElementsInCurrentOnly>false</hideElementsInCurrentOnly>
<backgroundColor>-65536</backgroundColor>
<lineWidth>1</lineWidth>
<points>
<point x="288" y="195"/>
<point x="354" y="323"/>
</points>
</Connector>
<Connector class="oracle.dbtools.crest.swingui.logical.TVRelation" oid="946E9F25-A349-0364-1AB5-B84A68B5B20B" otype="Relation" vid_source="B8D18934-3883-E671-65E6-9E40375434C2" vid_target="3BFEE0E2-E689-B170-AAFB-FD84D6238F1A">
<hideElementsInCurrentOnly>false</hideElementsInCurrentOnly>
<backgroundColor>-16777216</backgroundColor>
<lineWidth>1</lineWidth>
<points>
<point x="482" y="622"/>
<point x="157" y="622"/>
</points>
</Connector>
<Connector class="oracle.dbtools.crest.swingui.logical.TVInheritanceRelation" oid="A3070B3C-D79B-D0FB-B195-053470535473" otype="Hierarchy relation" vid_source="2E35E650-7340-49B0-E143-1CC4EA320708" vid_target="3BFEE0E2-E689-B170-AAFB-FD84D6238F1A">
<hideElementsInCurrentOnly>false</hideElementsInCurrentOnly>
<backgroundColor>-65536</backgroundColor>
<lineWidth>1</lineWidth>
<points>
<point x="230" y="195"/>
<point x="121" y="550"/>
</points>
</Connector>
<Connector class="oracle.dbtools.crest.swingui.logical.TVRelation" oid="A99D51DF-EA2D-A66D-C327-22690DCF96E4" otype="Relation" vid_source="E3E1F14A-D83F-56DD-2E5F-5A24C4F1DBAE" vid_target="94189497-44F1-FCAB-BD94-BAD0DE77D49A">
<hideElementsInCurrentOnly>false</hideElementsInCurrentOnly>
<backgroundColor>-16777216</backgroundColor>
<lineWidth>1</lineWidth>
<points>
<point x="1649" y="803"/>
<point x="1482" y="703"/>
</points>
</Connector>
<Connector class="oracle.dbtools.crest.swingui.logical.TVRelation" oid="AE746783-5CE7-D998-D7FC-D95ADE459B33" otype="Relation" vid_source="5770AF01-C15D-0BB3-FCF1-E388AB504B1B" vid_target="1B29A41E-9480-5369-FC28-90C0534A6342">
<hideElementsInCurrentOnly>false</hideElementsInCurrentOnly>
<backgroundColor>-16777216</backgroundColor>
<lineWidth>1</lineWidth>
<points>
<point x="1390" y="1325"/>
<point x="1390" y="1160"/>
</points>
</Connector>
<Connector class="oracle.dbtools.crest.swingui.logical.TVRelation" oid="AFD051DC-9747-3E2B-1ACC-C57A3F95376D" otype="Relation" vid_source="7B7883F2-424D-F9D9-169E-7509085E02C5" vid_target="B8D18934-3883-E671-65E6-9E40375434C2">
<hideElementsInCurrentOnly>false</hideElementsInCurrentOnly>
<backgroundColor>-16777216</backgroundColor>
<lineWidth>1</lineWidth>
<points>
<point x="284" y="1520"/>
<point x="576" y="720"/>
</points>
</Connector>
<Connector class="oracle.dbtools.crest.swingui.logical.TVRelation" oid="AFEF3386-C5E4-FF25-AC5A-27AF14AF51C6" otype="Relation" vid_source="EB3A3AD7-026C-93C4-A2E6-F9F08D4A472B" vid_target="C29367D3-8665-B6EB-176A-1EC9F3CAAF7D">
<hideElementsInCurrentOnly>false</hideElementsInCurrentOnly>
<backgroundColor>-16777216</backgroundColor>
<lineWidth>1</lineWidth>
<points>
<point x="506" y="98"/>
<point x="506" y="131"/>
</points>
</Connector>
<Connector class="oracle.dbtools.crest.swingui.logical.TVRelation" oid="B4AF6CD0-0C6E-DBA8-E87E-2CBF8FA61E3E" otype="Relation" vid_source="94189497-44F1-FCAB-BD94-BAD0DE77D49A" vid_target="3F864E62-E7E6-7D37-BEAC-A20B4E679808">
<hideElementsInCurrentOnly>false</hideElementsInCurrentOnly>
<backgroundColor>-16777216</backgroundColor>
<lineWidth>1</lineWidth>
<points>
<point x="1458" y="734"/>
<point x="1595" y="956"/>
</points>
</Connector>
<Connector class="oracle.dbtools.crest.swingui.logical.TVRelation" oid="B5FE46CD-435F-F465-A13B-FC899ADE2443" otype="Relation" vid_source="C29367D3-8665-B6EB-176A-1EC9F3CAAF7D" vid_target="11C176B1-2D79-5829-5E36-54AB3E77F904">
<hideElementsInCurrentOnly>false</hideElementsInCurrentOnly>
<backgroundColor>-16777216</backgroundColor>
<lineWidth>1</lineWidth>
<points>
<point x="579" y="286"/>
<point x="680" y="430"/>
</points>
</Connector>
<Connector class="oracle.dbtools.crest.swingui.logical.TVInheritanceRelation" oid="B7916164-7214-825E-DCD8-E2BFA54BD523" otype="Hierarchy relation" vid_source="2E35E650-7340-49B0-E143-1CC4EA320708" vid_target="C29367D3-8665-B6EB-176A-1EC9F3CAAF7D">
<hideElementsInCurrentOnly>false</hideElementsInCurrentOnly>
<backgroundColor>-65536</backgroundColor>
<lineWidth>1</lineWidth>
<points>
<point x="317" y="163"/>
<point x="455" y="163"/>
</points>
</Connector>
<Connector class="oracle.dbtools.crest.swingui.logical.TVRelation" oid="C787A229-B277-5DF1-08FA-210FA9769285" otype="Relation" vid_source="B8D18934-3883-E671-65E6-9E40375434C2" vid_target="4013A815-7F88-4ECC-51CA-EF7018768336">
<hideElementsInCurrentOnly>false</hideElementsInCurrentOnly>
<backgroundColor>-16777216</backgroundColor>
<lineWidth>1</lineWidth>
<points>
<point x="724" y="685"/>
<point x="1024" y="685"/>
</points>
</Connector>
<Connector class="oracle.dbtools.crest.swingui.logical.TVRelation" oid="C9B9EF83-4D95-4092-4CE2-DD792CF150EC" otype="Relation" vid_source="11C176B1-2D79-5829-5E36-54AB3E77F904" vid_target="B8D18934-3883-E671-65E6-9E40375434C2">
<hideElementsInCurrentOnly>false</hideElementsInCurrentOnly>
<backgroundColor>-16777216</backgroundColor>
<lineWidth>1</lineWidth>
<points>
<point x="674" y="495"/>
<point x="674" y="574"/>
</points>
</Connector>
<Connector class="oracle.dbtools.crest.swingui.logical.TVRelation" oid="CAB76CFC-6418-E7F7-89F5-46507BA7A04D" otype="Relation" vid_source="B8D18934-3883-E671-65E6-9E40375434C2" vid_target="94189497-44F1-FCAB-BD94-BAD0DE77D49A">
<hideElementsInCurrentOnly>false</hideElementsInCurrentOnly>
<backgroundColor>-16777216</backgroundColor>
<lineWidth>1</lineWidth>
<points>
<point x="724" y="656"/>
<point x="1349" y="656"/>
</points>
</Connector>
<Connector class="oracle.dbtools.crest.swingui.logical.TVRelation" oid="CF56DB8E-4173-3432-9CE7-A3E79250340A" otype="Relation" vid_source="B8D18934-3883-E671-65E6-9E40375434C2" vid_target="B7B7BB73-3122-D300-124F-D587D4C15336">
<hideElementsInCurrentOnly>false</hideElementsInCurrentOnly>
<backgroundColor>-16777216</backgroundColor>
<lineWidth>1</lineWidth>
<points>
<point x="645" y="720"/>
<point x="904" y="1138"/>
</points>
</Connector>
<Connector class="oracle.dbtools.crest.swingui.logical.TVRelation" oid="D3B88115-72FD-04AF-98B7-5364A1BB7E60" otype="Relation" vid_source="D20A4619-850D-7965-EF92-F943F04AC2CF" vid_target="C29367D3-8665-B6EB-176A-1EC9F3CAAF7D">
<hideElementsInCurrentOnly>false</hideElementsInCurrentOnly>
<backgroundColor>-16777216</backgroundColor>
<lineWidth>1</lineWidth>
<points>
<point x="710" y="139"/>
<point x="594" y="139"/>
</points>
</Connector>
<Connector class="oracle.dbtools.crest.swingui.logical.TVRelation" oid="D4C5169B-A8D6-12C1-21AB-A155924CE12C" otype="Relation" vid_source="94189497-44F1-FCAB-BD94-BAD0DE77D49A" vid_target="1B29A41E-9480-5369-FC28-90C0534A6342">
<hideElementsInCurrentOnly>false</hideElementsInCurrentOnly>
<backgroundColor>-16777216</backgroundColor>
<lineWidth>1</lineWidth>
<points>
<point x="1372" y="734"/>
<point x="1372" y="966"/>
</points>
</Connector>
<Connector class="oracle.dbtools.crest.swingui.logical.TVRelation" oid="D5722232-3C29-9311-973C-CDCB01D8D75F" otype="Relation" vid_source="B8D18934-3883-E671-65E6-9E40375434C2" vid_target="ED94EAA7-A3AE-44B2-ECF3-3491C5953858">
<hideElementsInCurrentOnly>false</hideElementsInCurrentOnly>
<backgroundColor>-16777216</backgroundColor>
<lineWidth>1</lineWidth>
<points>
<point x="555" y="720"/>
<point x="555" y="838"/>
</points>
</Connector>
<Connector class="oracle.dbtools.crest.swingui.logical.TVRelation" oid="DAC1B7D8-FFC2-AB82-0762-43886329F3DA" otype="Relation" vid_source="C29367D3-8665-B6EB-176A-1EC9F3CAAF7D" vid_target="94189497-44F1-FCAB-BD94-BAD0DE77D49A">
<hideElementsInCurrentOnly>false</hideElementsInCurrentOnly>
<backgroundColor>-16777216</backgroundColor>
<lineWidth>1</lineWidth>
<points>
<point x="594" y="243"/>
<point x="1349" y="629"/>
</points>
</Connector>
<Connector class="oracle.dbtools.crest.swingui.logical.TVRelation" oid="DFCCD400-30FE-FA39-DD15-ADDFAFC8E1E5" otype="Relation" vid_source="B8D18934-3883-E671-65E6-9E40375434C2" vid_target="C29367D3-8665-B6EB-176A-1EC9F3CAAF7D">
<hideElementsInCurrentOnly>false</hideElementsInCurrentOnly>
<backgroundColor>-16777216</backgroundColor>
<lineWidth>1</lineWidth>
<points>
<point x="553" y="574"/>
<point x="553" y="286"/>
</points>
</Connector>
<Connector class="oracle.dbtools.crest.swingui.logical.TVRelation" oid="E17E5296-9537-003E-E0AE-714C47FE156E" otype="Relation" vid_source="B8D18934-3883-E671-65E6-9E40375434C2" vid_target="4013A815-7F88-4ECC-51CA-EF7018768336">
<hideElementsInCurrentOnly>false</hideElementsInCurrentOnly>
<backgroundColor>-16777216</backgroundColor>
<lineWidth>1</lineWidth>
<points>
<point x="724" y="700"/>
<point x="1024" y="700"/>
</points>
</Connector>
<Connector class="oracle.dbtools.crest.swingui.logical.TVRelation" oid="F9F7FB54-FA81-C4DD-D6D5-AA40DDB93470" otype="Relation" vid_source="C29367D3-8665-B6EB-176A-1EC9F3CAAF7D" vid_target="B780AD83-FF2B-7A58-2C4B-10A30F43BA38">
<hideElementsInCurrentOnly>false</hideElementsInCurrentOnly>
<backgroundColor>-16777216</backgroundColor>
<lineWidth>1</lineWidth>
<points>
<point x="594" y="241"/>
<point x="1228" y="241"/>
</points>
</Connector>
</connectors>
</Diagram>